"#","Player","Pos","Team","1","2","3","4","5","6","7","8","9","10","11","12","13","14","15","16","17","18","AVG","TTL"
"1","Lamar Jackson","QB","BAL","25.1","17.4","26","23.6","33.4","19.9","34.4","24.2","23.6","32.9","15.9","22.6","25.4","BYE","36.1","21.5","29.4","23","25.6","434.4"
"2","Josh Allen","QB","BUF","31.2","9.8","30.9","7.3","14.6","24.4","21","20.8","23.1","20.2","25","BYE","28.4","51.9","41.3","12.2","23","0","22.6","385"
"3","Joe Burrow","QB","CIN","8.1","17.2","25.4","17.3","34.8","19.8","14.9","13.9","30.1","33.7","29","BYE","20.3","25.6","18.8","22","37","14","22.5","381.8"
"4","Baker Mayfield","QB","TB","29.7","19.8","9.5","28.9","23.4","28.9","29","24.3","18","8.9","BYE","18.7","12.2","21","29","23.3","34.6","22.6","22.5","381.8"
"5","Jayden Daniels","QB","WAS","28.2","13.4","28.1","25","20.7","21","5.2","22.2","19.9","8.6","14.4","32.4","28.6","BYE","23.6","36.4","32.8","4.2","21.5","364.8"
"6","Jared Goff","QB","DET","12.4","10.8","15.6","26.2","BYE","25.1","18.8","15.5","9.6","12.8","34.6","10.8","16.9","23","41.1","25.3","25.8","11.2","19.7","335.5"
"7","Bo Nix","QB","DEN","13","10.3","19.3","6.7","23.1","21.7","14.1","29.8","17.7","16.1","28.8","19.4","14.2","BYE","16.5","21","22.9","33.5","19.3","328.2"
"8","Saquon Barkley","RB","PHI","31.2","13.6","29.6","11.6","BYE","5.4","24.7","11.1","29.9","7.8","31.8","42.2","17.7","14.4","7.4","27","16.9","-","20.1","322.3"
"9","Jalen Hurts","QB","PHI","18.4","24.8","11.9","16.3","BYE","21.9","22.8","35.1","29.9","30.7","18.7","15.1","17.6","24.2","28.1","4.5","-","-","21.3","320.1"
"10","Sam Darnold","QB","SEA","15.6","20.9","23.2","21.5","5.3","-","17.3","18.2","21","9.4","23.6","21.1","19.6","34.6","12.2","22.9","25.8","7.6","18.8","320"
"11","Derrick Henry","RB","BAL","10.6","15.6","29.4","32.9","15.6","25.2","24.2","13.7","25.3","13.1","10.5","14","11.1","BYE","6.7","18.9","22.5","28.1","18.7","317.4"
"12","Jahmyr Gibbs","RB","DET","13.4","10.6","16.3","19.8","BYE","9.1","28","19.3","13.6","10.8","18.3","21.9","8.4","13.3","23.4","21.4","22.3","41","18.3","310.9"
"13","Kyler Murray","QB","ARI","14.2","28.5","15.8","10","25.1","12","21.2","22.2","4.8","28.7","BYE","11.3","17.2","20","10.1","21.4","18","27.9","18.1","308.2"
"14","Patrick Mahomes II","QB","KC","15.1","14.9","17.4","14","14.4","BYE","14.1","19.2","24.5","16.5","17.8","28.8","16.6","14.1","15.8","23.7","26","-","18.3","293"
"15","Justin Herbert","QB","LAC","10.4","12","9","11.2","BYE","13.7","14.8","24.1","19.5","19.8","24.4","17.6","8","13.7","14.8","23.2","24.4","28","17","288.4"
"16","Geno Smith","QB","LV","18.8","17.9","13.4","22.6","22.6","14.5","17.8","9.1","25.1","BYE","16.7","13.4","12.4","13.3","5.5","23.4","8.3","26.3","16.5","281"
"17","Bijan Robinson","RB","ATL","11.1","12.2","11.2","7.4","7.7","22.5","20.3","16.6","14.5","26.4","6.3","BYE","19.5","18.1","13.5","22.3","21.8","29.3","16.5","280.7"
"18","Brock Purdy","QB","SF","10.3","15","25.8","15.6","15.1","24.1","20.2","26","BYE","23.8","19.4","-","2.2","22.1","5","22.1","32.3","-","18.6","278.9"
"19","Ja'Marr Chase","WR","CIN","6.2","3.5","23.8","14.5","31.3","7.2","12.6","11.4","4.3","44.4","19.5","BYE","14.6","31.1","9.4","16.4","10.2","15.6","16.2","276"
"20","Aaron Rodgers","QB","PIT","9.6","15.1","21","11.6","14.8","18.8","15","17.3","20.3","4","16.1","-","15","17.6","30.1","12.8","2.5","26","15.7","267.6"
"21","Caleb Williams","QB","CHI","7.2","9.4","19.3","11.5","23.6","29.6","BYE","9.9","9.2","6.3","16.2","26.9","26.1","14.1","9.9","22.8","7.6","10.9","15.3","260.5"
"22","Josh Jacobs","RB","GB","10.4","13.1","4.8","7.8","15.4","9","15.2","24.5","10.8","BYE","19.4","28.6","17.7","24.6","17.6","16.7","10.9","10.6","15.1","257.1"
"23","Jordan Love","QB","GB","17.4","-","-","31.2","17","26.6","18.8","6.7","11.9","BYE","21.2","14.7","19","14.5","17.6","11.5","14","2.8","16.3","244.9"
"24","Kyren Williams","RB","LAR","11.4","11.2","29.6","16.4","14.5","BYE","19.6","17.6","9.5","6.2","8.6","11.2","17.3","21.7","11.2","18.9","13.2","-","14.9","238.1"
"25","James Cook III","RB","BUF","10.3","27.5","14.7","4.8","15.9","-","9.2","25.3","6.9","14.5","14.7","BYE","18","2.9","25.3","24.6","11.3","8.8","14.7","234.7"
"26","C.J. Stroud","QB","HOU","18.7","14.3","11.8","23.5","16.9","19.4","5.3","12.4","11.5","11.8","11.9","17.7","14.4","BYE","11.6","18.1","7.1","6","13.7","232.4"
"27","Jonathan Taylor","RB","IND","10.8","13.5","25.5","16.8","-","-","-","17.7","5.9","12.2","6","3.5","16.3","BYE","9.1","39.8","25.6","24","16.2","226.7"
"28","Matthew Stafford","QB","LAR","15.7","6.6","12.8","5.9","13.4","BYE","5","25.8","18.9","10.7","27.8","19.2","15.6","20.8","8.2","7","9.2","-","13.9","222.6"
"29","De'Von Achane","RB","MIA","16","22.5","5.8","2.9","1.7","BYE","8.5","20.7","24.1","5.2","16.5","17.6","13","12.9","7.6","25","3.8","18.1","13.1","221.9"
"30","Justin Jefferson","WR","MIN","11.9","19.3","14.1","14.5","9.2","BYE","14.4","11.5","14.6","4.8","8.1","2.7","9.9","25.2","13.3","26.4","9.2","5.4","12.6","214.5"
"31","James Conner","RB","ARI","16.3","18.4","2.5","17.3","12","2.6","15.2","12.9","11.9","17.3","BYE","4.9","8.1","18.2","25.8","22.6","0.8","-","12.9","206.8"
"32","Joe Mixon","RB","HOU","23.8","5","-","-","-","25.2","24.4","19.4","16.6","15","33.3","4.5","17.9","BYE","5.6","7.1","3.9","2.8","14.6","204.5"
"33","Bryce Young","QB","CAR","11.6","3","-","-","3.1","-","-0.2","15.6","10.7","12","BYE","16.5","23.6","13.5","14","27.1","16.9","36.4","14.6","204"
"34","Amon-Ra St. Brown","WR","DET","1.3","11.9","13.5","14.8","BYE","9.7","17.2","6.7","11.6","12","27.7","6.2","7.3","5.3","23.3","13","12","7.7","11.8","201.2"
"35","Chase Brown","RB","CIN","2.3","3.1","6.9","21.2","13.4","12.4","5.3","9.4","21.7","13.4","14.3","BYE","16","18.3","23.3","10.9","9.1","-","12.6","201"
"36","Chuba Hubbard","RB","CAR","1.4","7.6","22.9","18.1","13.5","10.3","11.2","7.1","19.2","20.9","BYE","14","2.3","16.7","4.9","28.5","-","-","13.2","198.6"
"37","Bucky Irving","RB","TB","7.6","2.2","8.4","11.5","3.6","16.5","13.7","8.4","3.4","14.7","BYE","21.2","24.5","1.8","11.3","15.2","19","14.4","11.6","197.4"
"38","Alvin Kamara","RB","NO","17","42","12.7","17.9","6.6","12.4","2.4","12.2","21.5","10.9","8.9","BYE","11.9","7.9","13","-","-","-","14.1","197.3"
"39","Brian Thomas Jr.","WR","JAC","10.7","9.4","4.8","15.9","18.2","2.7","17.1","12","4.2","1.2","8.6","BYE","14.7","8.6","22.5","19.2","16.9","10.3","11.6","197"
"40","Kirk Cousins","QB","ATL","8.2","17.5","12.1","8.5","35.4","12.5","9.2","28.6","17.8","11.2","5.9","BYE","6.1","11.8","7.5","-","-","-","13.7","192.3"
"41","Brandon Aubrey","K","DAL","21","17","11","11","10","12","BYE","6","9","7","6","12","9","9","16","21","1","14","11.3","192"
"42","Chris Boswell","K","PIT","26","9","8","8","6","17","14","14","BYE","4","24","8","16","11","8","7","4","7","11.2","191"
"43","Aaron Jones Sr.","RB","MIN","16.9","4.8","20.8","13.9","5.3","BYE","17.6","9.5","8.2","10.1","4.3","16.9","6.8","14.4","16.6","9.3","7.7","7.5","11.2","190.6"
"44","Tua Tagovailoa","QB","MIA","18.6","8.5","-","-","-","BYE","-","14.7","17.5","9.2","23.5","28.5","25.2","23.5","6.8","12.5","-","-","17.1","188.6"
"45","Drake Maye","QB","NE","-","-","2.1","-","0","21.5","20.8","11.5","17.7","12.8","19","14.5","20.4","BYE","18.5","18.4","9.9","0","13.4","187.1"
"46","Terry McLaurin","WR","WAS","1.7","2.2","16","11.2","9.4","17.3","9.8","12.5","13.9","11.3","1","16.2","19.3","BYE","19.3","12","0.5","12.2","10.9","185.8"
"47","David Montgomery","RB","DET","15.3","13","18.2","14","BYE","20","5","13.9","9.6","11.6","21.5","13.3","12.4","14.4","3.5","-","-","-","13.3","185.7"
"48","Breece Hall","RB","NYJ","13.3","17.4","14.3","1.8","3.7","16.9","20.1","8.9","8.5","8.3","24.1","BYE","6","-","11.1","9","5.3","15.2","11.5","183.9"
"49","Drake London","WR","ATL","1.5","11.4","12.7","6.4","21.4","13.4","12.3","3.4","8.7","9.7","6.1","BYE","8.3","7","11.3","5.9","10.6","30.7","10.6","180.8"
"50","Denver Broncos","DST","DEN","10","6","15","11","16","3","20","7","-3","5","13","10","20","BYE","20","3","8","15","10.5","179"
"50","Cameron Dicker","K","LAC","12","10","4","6","BYE","12","21","9","3","9","12","16","12","5","6","10","17","15","10.5","179"
"52","Russell Wilson","QB","NYG","-","-","-","-","-","-","24.9","13.8","-","19.1","7.3","13.8","27.9","16","8.4","16.4","18.7","11.5","16.2","177.8"
"53","Anthony Richardson Sr.","QB","IND","27.1","12.9","7.1","5.2","-","-","8.8","12.5","-","-","28.1","13","23.2","BYE","15.4","21.2","-","-","15.9","174.4"
"54","D'Andre Swift","RB","CHI","5","4.2","4.2","22.5","18","17.9","BYE","18.9","8.2","6.5","14.4","6.5","7.4","4","8.9","5.3","8.1","12.5","10.1","172.5"
"55","Ka'imi Fairbairn","K","HOU","17","20","1","6","16","12","12","11","9","13","10","11","13","BYE","9","7","0","5","10.1","172"
"56","Najee Harris","RB","LAC","7.9","7.4","8.6","7.3","7.7","18.2","16.2","13.1","-","11.3","9.3","5.4","18.9","11.3","2.1","4.2","8.1","11.6","9.9","168.6"
"57","Mike Evans","WR","TB","18.1","4.2","1.7","15.4","18.2","3.4","8.5","-","-","-","BYE","6.8","17.8","6.9","27.9","6.9","21.7","8.9","11.9","166.4"
"58","Jason Sanders","K","MIA","10","4","3","9","12","BYE","4","11","9","15","11","12","3","16","8","21","10","8","9.8","166"
"59","Malik Nabers","WR","NYG","6.6","18.7","20.2","11.1","-","-","4.1","7.1","5.9","4.8","BYE","6.4","7.3","9.9","14.2","6.8","29.1","12.4","11","164.6"
"60","Chase McLaughlin","K","TB","15","10","1","11","16","9","5","8","7","8","BYE","6","16","4","18","7","12","11","9.6","164"
"61","CeeDee Lamb","WR","DAL","8.6","15","4.7","16.6","6.4","9.1","BYE","26.6","8.2","2.4","10.6","6.8","3.9","15.4","17.6","10.5","-","-","10.8","162.4"
"62","Minnesota Vikings","DST","MIN","22","13","13","8","16","BYE","11","1","11","13","11","7","5","7","8","6","5","5","9.5","162"
"63","Jake Bates","K","DET","8","10","2","6","BYE","19","8","12","6","12","12","8","12","11","6","10","11","8","9.5","161"
"64","Wil Lutz","K","DEN","11","6","16","5","13","5","18","4","4","2","9","22","11","BYE","8","12","6","8","9.4","160"
"65","J.K. Dobbins","RB","DEN","19.9","19.1","5.4","6.2","-","16.2","6.6","12.8","22.5","5.5","17.9","5.9","-","BYE","-","-","14.3","7.5","12.3","159.8"
"66","Tony Pollard","RB","TEN","15.4","10.2","2.9","16.8","BYE","14.8","6.5","11.7","15.4","6.3","2.9","18.9","4.8","12.4","8.5","6","-","6.2","10","159.7"
"67","Courtland Sutton","WR","DEN","3.8","2.6","6.8","12","3.2","11.3","0","9.1","16.3","13","7.8","21.7","10.2","BYE","9.2","5","11.5","15.8","9.4","159.3"
"68","Ladd McConkey","WR","LAC","9.9","2.6","4.4","12.7","BYE","4.3","4.6","23.1","6.4","5.2","12.3","8.3","11.7","-","11.8","8.7","21.4","11.5","9.9","158.9"
"69","Rico Dowdle","RB","CAR","3.2","5.9","5.6","12.1","17.4","5.5","-","-","16.7","5.6","3.4","7.8","18.3","14.1","14.9","5.1","8.8","14.4","9.9","158.8"
"70","George Kittle","TE","SF","4","13.6","-","10.5","12.4","17.8","9.2","18.8","BYE","11.7","-","14.2","0.7","15.1","6.1","10.6","11.2","2.7","10.6","158.6"
"71","Davante Adams","WR","LAR","5.9","17","4","-","-","BYE","3","5.4","15.1","3.1","7.2","-","12.6","16.9","33.8","12.8","4.7","14.8","11.2","156.3"
"72","Derek Carr","QB","FA","21.3","22.8","9","9.1","13.6","-","-","-","13.4","20.5","18.7","-","14.6","13","-","-","-","-","15.6","155.9"
"73","Jameson Williams","WR","DET","19.4","9.4","0.2","14","BYE","14.7","-0.4","-","-","5.3","18.6","6.8","4.6","8","9.7","21","19.5","3.4","10.3","154.2"
"74","Jaxon Smith-Njigba","WR","SEA","1.9","11.7","3.9","5.1","9.1","5.3","2.3","6.9","30","BYE","11.8","13.7","7.9","14.6","8.3","16","3.2","1.3","9","153"
"75","Trevor Lawrence","QB","JAC","11.3","13.3","10.4","14.8","22.2","18.1","15","24.3","21.6","-","-","BYE","1.2","-","-","-","-","-","15.2","152.2"
"76","Jerry Jeudy","WR","CLE","8.5","7.3","4.7","7.2","1.6","3.5","1.8","7.9","7.3","BYE","20.2","8.5","31.5","12.4","10.8","2","9.4","6.3","8.9","150.9"
"77","Garrett Wilson","WR","NYJ","6","6.2","9.3","2.1","16.1","16.7","8.1","11.3","21","4.1","1.8","BYE","4.1","11.4","11.6","5.4","10.6","5.1","8.9","150.9"
"78","Brock Bowers","TE","LV","5.8","9.8","4.1","3.1","15.7","7.1","9.3","5.8","10.5","BYE","18.3","3.8","20.2","5.2","3.5","9.9","7.6","11","8.9","150.7"
"79","A.J. Brown","WR","PHI","17.9","-","-","-","BYE","17.6","14.9","8.4","3.6","10.9","6.5","16.9","6.6","4.3","17","15.7","9.6","-","11.5","149.9"
"80","Jordan Addison","WR","MIN","3.5","-","-","19.9","3.6","BYE","6.6","2.2","11.1","2.9","12.1","22.2","5.4","31.3","6.3","9.5","12.9","0","10","149.5"
"81","Tee Higgins","WR","CIN","-","-","3.9","6","20.3","7.7","14.2","-","-","-","20.8","BYE","12.9","2.3","14.8","11.8","29.1","5.3","12.4","149.1"
"82","Rachaad White","RB","TB","10.6","2.3","3.5","8.4","6.6","-","23.1","10.7","9.5","13","BYE","10.7","7.8","22.9","12.1","4","3.4","0","9.3","148.6"
"83","Green Bay Packers","DST","GB","7","11","21","7","13","10","4","5","2","BYE","6","12","8","2","15","17","3","5","8.7","148"
"84","Tyler Bass","K","BUF","10","8","12","6","8","5","10","7","14","13","6","BYE","5","6","15","8","8","5","8.6","146"
"84","Pittsburgh Steelers","DST","PIT","12","13","9","2","11","13","8","15","BYE","5","9","7","15","10","7","2","-1","9","8.6","146"
"86","Daniel Carlson","K","LV","4","18","2","10","5","1","16","10","7","BYE","7","15","5","7","5","8","15","10","8.5","145"
"87","Zach Charbonnet","RB","SEA","10.1","12.9","22.7","5.4","3","3.5","0.9","8.4","3.3","BYE","0.5","2.2","10.1","31.3","12.6","1.3","7.6","9.1","8.5","144.9"
"88","Tyrone Tracy Jr.","RB","NYG","0.7","0.2","4","2.1","13","16.7","3.2","21","6.9","14.4","BYE","5","12.5","14.3","3.5","12.9","7.3","6.6","8.5","144.3"
"89","Jameis Winston","QB","NYG","-","0.4","0.1","-","0.3","0","8.7","23.6","13.1","-","26.6","14.5","36","17.3","2.6","-","-","-","11.9","143.1"
"90","Justin Tucker","K","FA","8","13","4","5","13","13","13","7","11","3","6","7","9","-","5","12","9","5","8.4","143"
"91","Rhamondre Stevenson","RB","NE","18.6","15","0.3","4.2","15.2","-","2.5","20.5","17.4","7.7","8.9","3.3","9.4","BYE","8.5","11.3","0.1","-","9.5","142.9"
"92","Nico Collins","WR","HOU","11.7","19.5","8.6","21.1","13.8","-","-","-","-","-","5.4","15.2","11.9","BYE","13.7","6","5.9","9.8","11.9","142.6"
"93","Daniel Jones","QB","IND","6.9","18.3","19.4","10.5","22.1","12.8","6","7.7","24.4","14.2","-","-","-","BYE","-","-","-","-","14.2","142.3"
"94","Jayden Reed","WR","GB","29.1","4.6","6.9","20.1","9.7","8.8","1","5.5","11.3","BYE","7.8","2.6","16.7","0","6.1","8.1","0.6","3.1","8.4","142"
"95","Jake Elliott","K","PHI","10","7","1","2","BYE","10","4","15","5","10","8","13","6","2","10","19","11","8","8.3","141"
"96","DJ Moore","WR","CHI","5","5.3","7.2","8.2","22.5","2","BYE","3.4","3.3","2.7","6.7","19.9","15.7","4.9","7","7","6.2","13.1","8.2","140.1"
"97","Jason Myers","K","SEA","10","12","8","3","10","6","12","4","2","BYE","12","6","11","12","9","7","8","8","8.2","140"
"98","Brian Robinson Jr.","RB","SF","14.9","13.6","9.7","17.3","13.8","-","13.1","7.6","BYE","-","13.2","2.4","16.9","-","8.7","0.1","6.9","1.6","10","139.8"
"99","Houston Texans","DST","HOU","4","15","3","2","2","12","9","10","2","10","19","19","3","BYE","15","1","2","11","8.2","139"
"99","Matt Gay","K","WAS","-","4","3","9","10","8","12","9","10","8","14","6","5","BYE","8","8","9","16","8.7","139"
"101","Trey McBride","TE","ARI","3","12.7","2.5","-","5.3","9.6","5.1","12.4","9.7","7.1","BYE","13.3","9.6","7","8.7","2","18.3","12.5","8.7","138.8"
"102","Tyreek Hill","WR","MIA","19","3.6","4","4.2","6.9","BYE","1.3","7.2","8","8.7","12.1","4.8","14.3","18.1","3.6","8.9","10.5","2","8.1","137.2"
"103","Seattle Seahawks","DST","SEA","9","6","13","1","11","2","16","2","5","BYE","5","20","14","7","1","3","16","5","8","136"
"104","Zay Flowers","WR","BAL","5.1","15.1","2.3","1","12","13.4","3","11.5","24.7","3.4","9.9","6.2","7.1","BYE","5.3","10.3","3.1","2.1","8","135.5"
"105","Kenneth Walker III","RB","SEA","16.9","-","-","29.6","7.6","12.9","21.3","4.5","10.7","BYE","11.9","9.3","4.6","-","-","5.9","-","-","12.3","135.2"
"105","Calvin Ridley","WR","TEN","5","20.7","0.9","1.5","BYE","0.9","4.2","12.6","7.3","20.4","5.8","9.3","4.5","5.9","6","13.8","9.1","7.3","8","135.2"
"107","Philadelphia Eagles","DST","PHI","3","1","7","3","BYE","9","15","6","9","20","6","8","4","4","8","7","19","6","7.9","135"
"107","Joshua Karty","K","LAR","9","4","9","15","1","BYE","2","4","8","19","4","2","3","8","13","8","9","17","7.9","135"
"109","Marvin Harrison Jr.","WR","ARI","0.4","25","12.4","10.5","3.6","0","2.1","17.1","1.4","11.4","BYE","4.7","12","4.9","3.2","3.9","9.6","12.3","7.9","134.5"
"110","Jonnu Smith","TE","PIT","0.7","5.3","1.8","0","6.1","-","15.6","2","4.6","4.5","22.1","14.7","11.3","10.4","10.8","6.2","8.6","9.6","7.9","134.3"
"111","Mark Andrews","TE","BAL","1.4","5.1","0","0","5.5","12.6","16.1","9.6","2.6","12.8","2.2","10.6","12.9","BYE","8.4","9.8","12.8","11.4","7.9","133.8"
"112","Jauan Jennings","WR","SF","6.4","3.7","35.5","8.8","1.3","2.7","-","-","BYE","9.3","15.1","4","5.6","21","3.1","5.1","6.7","5.2","8.9","133.5"
"113","Buffalo Bills","DST","BUF","5","18","13","-1","5","6","11","9","3","19","6","BYE","12","-4","1","14","13","3","7.8","133"
"114","Kareem Hunt","RB","KC","-","-","-","8.5","17.7","BYE","20.3","12.3","17.7","10","6","8.7","1.5","2.9","4.9","13.9","8","-","10.2","132.4"
"115","Will Levis","QB","TEN","8.7","12.5","15.6","0.5","BYE","8.3","-","-","-","19.1","16.6","17.1","16.2","7","-1.4","-","-","11.8","11","131.9"
"116","DeVonta Smith","WR","PHI","8.4","13.6","7.9","-","BYE","12.4","-0.2","14.5","14.7","1.4","2.9","-","-","9.7","17","5.1","24","-","10.1","131.4"
"117","Blake Grupe","K","NO","22","8","6","7","1","10","4","8","12","8","5","BYE","10","2","10","0","4","14","7.7","131"
"117","Jakobi Meyers","WR","LV","6.4","2.9","14.2","4.9","7.2","-","-","11.2","10.5","BYE","4.8","12.1","9.7","6.7","5.9","4.1","12.1","18.3","8.7","131"
"117","Will Reichard","K","MIN","4","11","12","7","16","BYE","15","8","3","-","-","-","-","6","15","12","11","11","10.1","131"
"120","Rashod Bateman","WR","BAL","5.3","4","8.8","2.3","11.8","7.1","18.1","2.8","2.5","11.4","3","10.3","0","BYE","20","7.4","1.2","13.6","7.6","129.6"
"121","Darnell Mooney","WR","ATL","1.5","14.8","6.6","5.6","22.5","3.8","4.6","14.6","14.8","9.6","2.7","BYE","2","14.2","0","8.2","3.7","-","8.1","129.2"
"122","Xavier Worthy","WR","KC","18.8","2.2","3","13.3","8.8","BYE","2.4","9.7","-1","1.1","12.8","5.1","5.4","4.6","13.6","13.5","14.9","0","7.5","128.2"
"123","Los Angeles Chargers","DST","LAC","14","11","5","8","BYE","7","3","12","18","8","3","0","19","4","1","2","10","3","7.5","128"
"124","Puka Nacua","WR","LAR","4.2","-","-","-","-","BYE","-","11.1","1.1","9.8","18.3","11.7","12.3","29.8","10.8","5.6","12.9","-","11.6","127.6"
"125","Cam Little","K","JAC","7","7","5","11","14","4","6","10","1","1","8","BYE","6","4","15","2","10","15","7.4","126"
"126","DK Metcalf","WR","PIT","2.9","18.9","16.4","8.4","3.5","4.8","15.9","-","BYE","-","7","5.9","6.6","4.9","2.8","11.7","4.2","11.3","8.3","125.2"
"127","Chad Ryland","K","ARI","-","-","-","-","11","8","5","10","11","7","BYE","6","17","4","14","15","3","14","9.6","125"
"128","Dak Prescott","QB","DAL","11.5","14.9","29.9","16.7","18.4","5.2","BYE","15.6","12.3","-","-","-","-","-","-","-","-","-","15.6","124.5"
"129","Alec Pierce","WR","IND","18.5","11.6","4.4","0.9","19.4","0","1.5","1.1","4.1","14.1","7.4","3.9","7.6","BYE","0","-","18.2","11.7","7.8","124.4"
"130","Detroit Lions","DST","DET","5","8","7","7","BYE","18","6","16","9","8","10","7","6","2","-4","7","5","6","7.2","123"
"131","Tank Bigsby","RB","PHI","7.3","0","0.9","9","24.9","2.4","23.8","8.6","2.2","0.4","-","-","3.5","12.2","4.2","9.1","3.3","10.2","7.6","122"
"132","Chicago Bears","DST","CHI","24","6","5","8","14","9","BYE","3","7","4","4","4","4","-1","5","0","12","13","7.1","121"
"133","Justin Fields","QB","NYJ","11.9","11.4","19.4","32","15.9","23.7","-","-","-","-","1.7","2.6","0.7","-","0.8","-","-","-","12","120.1"
"134","Joey Slye","K","TEN","10","8","4","11","4","3","5","5","7","13","11","1","12","-","7","3","1","15","7.1","120"
"134","Baltimore Ravens","DST","BAL","4","7","5","9","1","5","6","3","10","4","7","4","2","BYE","6","14","17","16","7.1","120"
"134","Younghoe Koo","K","NYG","4","10","7","20","17","12","2","7","3","5","9","-","8","7","9","-","-","-","8.6","120"
"137","Quentin Johnston","WR","LAC","3.8","17.1","10.4","1.3","BYE","2.2","-","-","18","8.4","10.8","0","1.2","10.8","10.5","1.8","4.8","18.6","8","119.7"
"138","Los Angeles Rams","DST","LAR","4","-1","3","3","10","BYE","17","6","22","7","9","-3","1","4","12","9","14","1","6.9","118"
"138","Jake Moody","K","CHI","26","5","6","13","8","-","BYE","-","-","12","5","5","4","8","9","5","4","8","8.4","118"
"140","Keenan Allen","WR","LAC","2.9","-","-","1.9","3.3","16.1","-","3.9","3.6","4.4","4.1","14.6","19.3","3","14.2","20.1","2.5","1.5","7.7","115.4"
"141","Austin Seibert","K","FA","-","22","9","11","10","15","17","13","9","-","-","9","-","-","-","-","-","-","12.8","115"
"142","Sam LaPorta","TE","DET","4.5","1.3","3.6","5.3","BYE","11.2","2.5","10.8","2.8","12.6","-","1.9","12.6","5.4","11.1","10.3","12.4","6.3","7.2","114.6"
"143","Cooper Rush","QB","BAL","-0.1","0.2","-","-","-","1","-","-","11","-2","17.4","18","11.8","14.8","19.1","15.3","8.1","-","9.5","114.6"
"144","Tucker Kraft","TE","GB","3.7","1.6","2.4","11.3","20.8","1.5","9.3","13.8","3.6","BYE","0","8.6","7.8","10.1","3.4","6.5","5.3","3.6","6.7","113.3"
"145","Josh Downs","WR","IND","-","-","2.2","14.2","6.9","12.5","0.3","18.2","6","7.2","14.4","2.7","-","BYE","3.2","12.1","2.2","9.4","8","111.5"
"146","Zach Ertz","TE","WAS","2.8","6.2","3.8","4.2","1","6.8","10","7.7","0.5","3.1","12.7","9.8","9.5","BYE","2.5","1.2","19.2","10.4","6.6","111.4"
"147","Dallas Cowboys","DST","DAL","17","1","-1","4","6","-1","BYE","1","4","8","2","22","17","4","15","8","-4","8","6.5","111"
"148","Cairo Santos","K","CHI","13","11","6","7","6","5","BYE","1","13","3","9","9","2","1","6","5","4","8","6.4","109"
"149","Cooper Kupp","WR","SEA","18","3.7","-","-","-","-","-","11.1","10.4","8","22.6","12","1.7","15.2","0","2.4","2.9","-","9","108"
"149","Nick Folk","K","NYJ","6","6","2","24","-","6","4","2","8","5","8","18","9","7","3","-","-","-","7.7","108"
"151","Eddy Pineiro","K","SF","5","3","13","7","4","9","1","2","6","10","-","13","12","4","2","6","2","8","6.3","107"
"152","Khalil Shakir","WR","BUF","10.2","5.6","13.2","6.2","-","1.9","6.5","10.9","5","5.8","7","BYE","3","16.6","9.9","2.2","2.5","-","7.1","106.5"
"153","Gardner Minshew II","QB","KC","11.8","13.9","15","5","9.7","BYE","1.4","15","3","-","19","12.7","-","-","-","-","-","-","10.6","106.3"
"154","Joe Flacco","QB","CLE","-","-","-","15","26.6","14.7","-","0","4.1","13.9","-","-","-","-","-","-","17.3","14.6","13.3","106"
"154","Kansas City Chiefs","DST","KC","4","11","5","6","7","BYE","8","8","2","5","1","2","6","4","21","7","13","-4","6.2","106"
"156","Javonte Williams","RB","DAL","2.3","6.5","2.1","8","11.1","1.6","23.1","5.2","8.4","0.7","14.7","0.4","6.4","-","2.3","5.3","0","7.8","6.2","105.9"
"157","George Pickens","WR","DAL","7.5","2.9","5.7","9.3","2.6","5.3","17.1","7.4","-","15.5","8.9","4.8","13.4","-","-","-","5","0","7.5","105.4"
"158","Mason Rudolph","QB","PIT","-","-","-","3.4","-","-","10.9","21.5","18.5","-","-","-","-","-","16.8","17.4","13","3.3","13.1","104.8"
"159","Mac Jones","QB","SF","-","-","-1.1","-","-","0.2","-","-","BYE","7.2","5.2","-","20","7.1","20.7","13.9","17.2","13.7","10.4","104.1"
"160","Tampa Bay Buccaneers","DST","TB","3","5","2","11","4","17","0","3","5","5","BYE","10","3","10","8","1","14","3","6.1","104"
"160","Cincinnati Bengals","DST","CIN","2","9","-2","2","1","8","15","-4","10","-4","3","BYE","8","8","19","18","4","7","6.1","104"
"162","Jordan Mason","RB","MIN","21.2","16.4","8.8","22","7.8","8.2","6.9","1.8","-","0.5","1.3","1.3","7.8","-","-","-","-","-","8.7","104"
"163","Nick Westbrook-Ikhine","WR","MIA","0","0","0","0","-","6.9","7","9.9","11","3.1","17.7","10.8","18.1","1.9","0.9","7.7","3.7","5","6.1","103.7"
"164","Pat Freiermuth","TE","PIT","2.7","3.9","3.3","11.7","6.2","1.6","5.1","1.9","BYE","7.7","1.4","5.9","12.8","10.8","8.2","1.6","4","14.5","6.1","103.3"
"165","Jalen Tolbert","WR","DAL","1.2","8.2","10.2","2.4","14.7","4.3","BYE","4.4","7.9","1.4","2.1","8.2","4.1","0","7.1","8","9","9.8","6.1","103"
"166","Deebo Samuel Sr.","WR","WAS","13.7","10","-","7.2","2","17.7","0","8.6","-","7.6","2.1","2.1","0","3.5","1.9","18.1","8.1","-","6.8","102.6"
"167","Alexander Mattison","RB","MIA","12.2","6.1","10.4","6","8.1","12.5","12.3","4.4","3.6","-","6.9","-","-","-","0.4","11.6","3.8","3.1","7.2","101.4"
"168","Arizona Cardinals","DST","ARI","9","11","5","-2","9","1","8","3","12","12","BYE","11","7","-1","5","-1","4","8","5.9","101"
"169","Harrison Butker","K","KC","9","10","13","5","14","BYE","4","10","7","10","-","-","-","-","3","10","5","0","7.7","100"
"170","Ray Davis","RB","BUF","2.7","2.8","8.3","1.1","0.4","15.2","10.7","2.9","15","0.6","1.1","BYE","12.7","0","8.9","2.9","1.3","12.5","5.8","99.1"
"171","Brandon McManus","K","GB","-","-","-","-","-","-","7","12","6","BYE","2","10","13","7","12","13","5","12","9","99"
"172","Jalen McMillan","WR","TB","9.2","2.1","0.6","-","-","0","2.6","5.2","-","-","BYE","1.1","2.5","17.9","13.5","11.7","18","14","7.6","98.4"
"173","Travis Kelce","TE","KC","3.4","0.6","3","8.9","7","BYE","1.7","15","8","12.4","0.8","6.2","6.8","4.5","2.7","3","14.4","-","6.2","98.4"
"174","New Orleans Saints","DST","NO","14","8","11","4","4","9","2","5","3","8","4","BYE","2","10","9","-1","3","3","5.8","98"
"175","Aidan O'Connell","QB","LV","-","-","7.3","-","2.8","12.1","2.1","-","-","BYE","-","-","19.6","7.8","-","11.5","17.6","16.9","10.8","97.5"
"176","Austin Ekeler","RB","WAS","6.2","8.5","11.7","-","9.7","6.8","2","5.8","14.3","17.1","9.6","2.4","-","BYE","-","-","-","3.2","8.1","97.3"
"177","Jerome Ford","RB","CLE","12.9","6.4","7","8.5","4.9","1.4","-","-","0.7","BYE","3.9","2.7","6.2","4.7","16.4","19.1","2.2","-","6.9","97"
"177","Atlanta Falcons","DST","ATL","3","3","2","17","2","5","0","6","3","1","-3","BYE","11","0","20","25","6","-4","5.7","97"
"179","Michael Pittman Jr.","WR","IND","3.1","2.1","3.6","11.3","9.7","9.5","6.3","1.6","1.4","-","4.6","9.6","4.2","BYE","3.8","1.9","16.9","7.2","6.1","96.8"
"180","New York Jets","DST","NYJ","2","11","16","6","9","2","-3","2","14","0","3","BYE","16","-1","6","3","-4","13","5.6","95"
"181","Evan McPherson","K","CIN","6","16","9","13","4","5","3","5","12","4","9","BYE","8","-","-","-","-","-","7.8","94"
"182","Tyler Allgeier","RB","ATL","2.1","6.5","3.2","8","2.5","18.8","4.5","3.3","7.8","5.9","-0.1","BYE","2.2","12.3","4.3","3.1","1.9","6.9","5.5","93.2"
"183","Demarcus Robinson","WR","SF","4.2","5","3.2","3.7","8.8","-","0.9","15.5","21.4","2.3","1.9","7.5","10.9","0","0","0","0","7.2","5.4","92.5"
"184","Jaylen Waddle","WR","MIA","11.2","4.5","2.6","3.6","4.6","BYE","1.1","4.5","5.6","5.6","3.7","20.4","7.3","11.9","0","-","0","5","5.7","91.6"
"185","Adam Thielen","WR","MIN","4.9","2","10","-","-","BYE","-","-","-","-","-","5.7","15.9","10.2","5.1","10.3","23","4.4","9.2","91.5"
"186","Travis Etienne Jr.","RB","JAC","9.9","11.8","8.5","6","6","-0.1","-","-","3","4.3","3.3","BYE","5.8","7","8.5","3.7","7.5","6","6.1","91.2"
"187","DeAndre Hopkins","WR","BAL","0.8","0.9","13.3","3.1","-","5.4","-0.2","2.9","20.6","5.6","2.9","9.5","9","9.2","3.6","3.7","0.7","-","5.7","91"
"187","Indianapolis Colts","DST","IND","5","3","11","8","0","3","10","4","16","6","3","3","6","BYE","7","6","-4","4","5.4","91"
"187","New York Giants","DST","NYG","5","5","13","2","18","7","4","6","0","4","BYE","1","0","7","1","2","13","3","5.4","91"
"190","Rome Odunze","WR","CHI","1.1","3.3","17.4","1","4","4","BYE","5.4","10.4","2.3","6.5","3.9","2.5","16.2","3.9","5.7","1.5","1.8","5.3","90.9"
"191","Marvin Mims Jr.","WR","DEN","0","1","0.9","0","2.4","0","1.8","0.8","0.4","3","11.3","4.2","16.9","BYE","2","6.5","22.2","17.1","5.3","90.5"
"192","Washington Commanders","DST","WAS","-3","4","1","7","13","3","16","6","4","6","2","4","7","BYE","6","7","4","3","5.3","90"
"193","Wan'Dale Robinson","WR","NYG","5.8","7.8","6.1","7.1","10","5","2.3","3","1","5.1","BYE","4.7","0.6","3.8","3.8","6.2","13.1","4.3","5.3","89.7"
"194","Allen Lazard","WR","NYJ","20.9","1.1","10.8","5.8","9.4","17.4","5.8","-","-","-","-","BYE","-","1.8","0","2","0.9","13.1","7.4","89"
"195","Tank Dell","WR","HOU","5.9","1.3","6.2","-","3.3","11.7","0","9.5","12.6","3.3","5.8","7.2","2.3","BYE","4.1","15.8","-","-","6.4","89"
"196","Chris Godwin Jr.","WR","TB","14.3","17.7","11.3","6.9","6.6","24.5","6.5","-","-","-","BYE","-","-","-","-","-","-","-","12.5","87.8"
"197","Romeo Doubs","WR","GB","5","6.2","1.8","3.9","-","16.9","9.4","7.2","2.8","BYE","1.7","5.4","-","-","16","2","7.8","-","6.6","86.1"
"197","Jaylen Warren","RB","PIT","2","6.1","0.1","-","-","1.8","5.9","5.9","BYE","7.5","6.8","12.4","6.4","7.2","1.5","9.2","11.2","2.1","5.7","86.1"
"199","Ameer Abdullah","RB","IND","0","0.2","1.3","0","11.1","1.8","0","1.1","2.6","-","7.7","12.5","5.3","-0.2","12.6","14.5","14.7","-","5.3","85.2"
"200","Drew Lock","QB","SEA","-","-","-","-","-","-","1.5","-","-","BYE","-","0.1","15.8","16","-","8.5","34.4","8.8","12.2","85.1"
"200","Justice Hill","RB","BAL","5.5","3.2","5.4","15.6","2.5","0.4","10.8","1.9","5.8","-0.2","4.1","12.2","2.1","BYE","12.8","3","-","-","5.7","85.1"
"202","Emanuel Wilson","RB","GB","4.8","0.9","14.5","2.7","1.5","7.3","1.1","0.3","8.9","BYE","1.7","4.1","2","0.7","0.9","11.6","8.9","13.1","5","85"
"203","David Njoku","TE","CLE","4.4","-","-","-","1.4","3.1","13.6","12.1","2.9","BYE","10.1","2.9","17.2","10.2","-","6.6","-","-","7.7","84.5"
"204","Kyle Pitts Sr.","TE","ATL","8.6","2","5.9","0","8.8","7","6.5","21.1","1.1","5.5","0.9","BYE","0","1.4","2.8","0.7","10.4","1.5","5","84.2"
"205","Miami Dolphins","DST","MIA","6","0","7","2","6","BYE","3","0","2","9","6","12","-1","3","7","6","12","4","4.9","84"
"205","San Francisco 49ers","DST","SF","6","8","3","22","11","7","5","6","BYE","3","7","-2","-4","13","4","-1","0","-4","4.9","84"
"205","Dustin Hopkins","K","FA","7","13","1","6","9","12","0","12","4","-","0","4","7","2","-","0","3","4","5.3","84"
"208","Andrei Iosivas","WR","CIN","2.6","12.7","11.2","2.9","3.9","3.6","0","0","7","2.9","4.6","BYE","9.5","4.1","0.5","11.3","5.9","1.2","4.9","83.9"
"209","Tyjae Spears","RB","TEN","3.2","3.1","6.1","9.9","BYE","2.7","-","-","-","5.1","0.8","-","0.3","2.3","21.2","18.6","10.3","-","7","83.6"
"210","Calvin Austin III","WR","PIT","0.7","0.6","15.5","1.7","0.6","3.6","3.6","17.4","BYE","2","-0.1","13.8","8.9","0.4","6.5","6.5","3.1","-2","4.9","82.8"
"211","Keon Coleman","WR","BUF","5.1","0","8.4","5.1","10.9","2.6","12.5","13","4.1","-","-","BYE","-","-","6.4","1.7","8.7","4","6.3","82.5"
"212","Tre Tucker","WR","LV","2.2","1.3","15.6","10.4","2.6","0","4.7","3.3","0.5","BYE","3.5","8.2","12.9","0.7","1.8","3.3","8.9","2.4","4.8","82.3"
"213","Isaiah Likely","TE","BAL","17.1","2.6","0.4","2.6","13.3","2.7","1.7","4.7","0","-","5.5","0","9.8","BYE","1.7","8.9","6.9","3.8","5.1","81.7"
"213","DeMario Douglas","WR","NE","1.2","0","7.8","1.3","5.9","15.2","1.4","1.2","3.5","5","5.9","6.3","2","BYE","7.1","3.9","10.6","3.4","4.8","81.7"
"215","Cade Otton","TE","TB","0.5","-0.4","2.7","5.2","4.4","7.5","10","20.1","13.7","3.5","BYE","3","2","7","2.4","-","-","-","5.8","81.6"
"216","Cleveland Browns","DST","CLE","2","10","6","11","6","10","3","3","6","BYE","1","7","3","3","0","6","5","-1","4.8","81"
"217","Antonio Gibson","RB","NE","1.8","10.3","3.7","7.9","5.6","4.3","1.3","0.7","1.1","2.6","2","4.5","12.2","BYE","6.4","3.6","6.3","6.1","4.7","80.4"
"218","Taysom Hill","TE","NO","3.6","1.9","-","14.4","-","-","-","4.2","12","5","34.5","BYE","4.7","-","-","-","-","-","10","80.3"
"219","Deshaun Watson","QB","CLE","12.7","15.4","16.4","13.2","8.4","8.4","5.1","-","-","BYE","-","-","-","-","-","-","-","-","11.4","79.7"
"220","Hunter Henry","TE","NE","1.8","10.9","0.9","1.2","3.2","10.1","9.2","4.5","5.6","1.4","6.3","4.4","7.5","BYE","2.5","9.9","0","-","5","79.4"
"221","Cam Akers","RB","MIN","-","1.5","8.9","5.3","10.7","-0.1","0","-","5.3","4.7","9.6","2.5","2.2","3.7","8.4","0.3","9.3","6.9","5","79.2"
"221","Isaac Guerendo","RB","SF","0","0","1.9","-2","2.2","9.9","0.7","16.2","BYE","0","0","0","7.6","24.8","7.5","-","9.9","0.5","5","79.2"
"223","Kayshon Boutte","WR","NE","-","-","0.2","1.1","3.4","11.9","3.3","4.6","1.8","4.7","3.3","0.6","6.1","BYE","1.9","15.5","2.8","17.7","5.3","78.9"
"224","Amari Cooper","WR","FA","1.6","1.1","20.6","3.5","6","4.2","12.6","0.3","-","-","5.5","-","1.2","9.5","0","1","11.6","-","5.6","78.7"
"225","Ray-Ray McCloud III","WR","ATL","5.2","4.5","3.7","5.2","6.6","1.3","0.9","2.6","9.5","3.6","4.6","BYE","9.3","8.1","1.4","2.7","2.7","6.6","4.6","78.5"
"226","Michael Wilson","WR","ARI","6.5","3.1","6.4","1.8","7.8","8.1","1.5","9.1","0","2.4","BYE","5.4","5.5","11.7","0.9","4.4","2.9","-","4.8","77.5"
"227","Mike Gesicki","TE","CIN","1.8","9.1","4.7","-0.9","3.1","0","0.2","5.3","22","3","0","BYE","5.3","2.4","3.7","1.4","8.6","6.8","4.5","76.5"
"228","Christian Watson","WR","GB","7.3","0","6.7","0","-","12.8","0.5","3.9","5.7","BYE","15","0.4","6.7","9.4","5.6","2.3","-","0","5.1","76.3"
"229","Xavier Legette","WR","CAR","3.5","0","4.2","13.6","0.8","8.3","0.9","9.4","9.9","4","BYE","5.6","5.3","3.9","0.9","-","2.8","3","4.8","76.1"
"230","Devin Singletary","RB","NYG","5.2","13.5","14.8","3.8","-","0","2.1","2.3","3.3","4.5","BYE","7","2.3","0.8","10.1","1.2","3","1.7","4.7","75.6"
"231","Jalen Nailor","WR","MIN","8.1","11.4","9.4","1.1","0","BYE","7.6","1.6","6.7","0.4","0","6.5","1.8","0","0.5","0.5","14.1","5.3","4.4","75"
"232","Stefon Diggs","WR","NE","15.9","3.7","9.9","13.5","8.2","13.7","2.3","7.7","-","-","-","-","-","BYE","-","-","-","-","9.4","74.9"
"233","Ty Johnson","RB","BUF","0.7","3.2","10.6","6.3","1.5","3.4","6.4","0","2.3","3.2","1.8","BYE","3.7","11.5","12.3","3","2.5","1.3","4.3","73.7"
"234","Cole Kmet","TE","CHI","0.4","2.7","15.7","3.4","5.7","19","BYE","3.4","0","1.3","4.2","6.4","2.6","0","1.4","6.9","0","0.3","4.3","73.4"
"235","Noah Gray","TE","KC","3.7","0","1.3","4","2.9","BYE","6.6","2.3","0","1.8","14.3","18.6","5.8","2.6","8.1","1","0.6","-0.3","4.3","73.3"
"236","KaVontae Turpin","WR","DAL","6","0.6","11.2","0","4.4","1","BYE","2.7","3.6","0","14.6","6.8","5.5","3.1","2.7","1.8","3.4","5.8","4.3","73.2"
"237","Jaleel McLaughlin","RB","DEN","0.8","0.6","7.4","4.6","8.5","2.5","3.5","11.6","2","1.2","1.9","4.4","8.4","BYE","3.4","-","7.6","4.8","4.6","73.2"
"238","Juwan Johnson","TE","NO","8.6","0","0","1.3","3.1","4.8","1.8","4.8","4.1","2.2","9","BYE","3.6","11","1.2","2.7","6.6","8","4.3","72.8"
"239","Spencer Rattler","QB","NO","-","-","-","-","-","14.4","6.3","6.2","-","-","-","BYE","-","-","9.4","5.9","15.3","14.7","10.3","72.3"
"240","Tyler Lockett","WR","TEN","7.7","1.5","4.6","6.1","7.5","12.5","4.5","0.9","12.3","-","1.9","2","1.6","0","2.2","1.9","2","2.8","4.2","72"
"240","Tennessee Titans","DST","TEN","8","2","3","10","BYE","3","0","0","11","0","4","10","0","9","6","-1","3","4","4.2","72"
"242","Dontayvion Wicks","WR","GB","0","8.6","0","19.8","2","0.9","10.8","1.1","0","BYE","0","2.5","3","4.9","1.4","7.3","4.3","4.9","4.2","71.5"
"243","Foster Moreau","TE","NO","10.3","0","0.2","0","7.3","5.4","3.8","0","7.7","0","5","BYE","0.6","4","9.9","3.3","10.7","3.1","4.2","71.3"
"244","Las Vegas Raiders","DST","LV","1","4","-2","9","2","2","4","3","5","BYE","1","0","6","9","9","6","12","0","4.2","71"
"244","Jacksonville Jaguars","DST","JAC","4","3","-2","4","5","3","9","2","10","11","-4","BYE","2","9","0","3","9","3","4.2","71"
"244","Darius Slayton","WR","NYG","2.6","3.3","0.7","5.6","18.2","5.7","1.1","10.8","6","-","BYE","0","0.8","2.7","1.6","2.7","9.2","0","4.4","71"
"247","Tyler Conklin","TE","LAC","0.6","1","9.3","1.7","5.5","1","6.7","10.2","-0.3","0.8","0.7","-","3.2","3.3","-","5.9","13.7","7.6","4.4","70.9"
"248","Joshua Palmer","WR","BUF","1.5","1.9","-","3.6","-","3.8","6.3","7.2","12.3","3.6","2.3","3.8","3.1","7.8","1","6.1","4.1","-","4.6","68.4"
"249","Mack Hollins","WR","NE","8.5","0","1.6","0.5","2.7","6.8","0","0","9","8.6","2.7","-","6.7","11.7","0.7","2.5","3.3","2.5","4","67.8"
"250","Olamide Zaccheaus","WR","CHI","1.5","1.4","0","8.5","1","2.7","2.5","0","4.8","-1.2","1","0.8","1.4","-","3.6","19","15.3","5.1","4","67.4"
"251","Braelon Allen","RB","NYJ","1.7","17.6","6.8","4.6","2.8","0.8","0.6","9.2","0.9","3.4","0.6","BYE","2.7","8.1","0.5","1","2.6","2.3","3.9","66.2"
"252","Greg Joseph","K","FA","-","-","3","19","11","1","3","14","-","-","-","-","-","-","9","-","-","6","8.3","66"
"253","Devaughn Vele","WR","NO","3.9","-","-","-","-","7.8","2","2.8","1.1","9.9","6.6","8","1.6","-","0","8.1","2.7","11","5","65.5"
"253","Marquez Valdes-Scantling","WR","SF","1.9","0","0.7","0","0","0","-","-","0.5","22.9","14.7","-","9.6","5.1","6.8","-","0","3.3","4.7","65.5"
"255","Dalton Schultz","TE","HOU","1.6","2.1","1.1","3.4","3.4","2.7","2.8","5.2","2.1","6.6","3.3","2","12.1","BYE","1.3","10.5","2.1","2.9","3.8","65.2"
"256","Parker Washington","WR","JAC","0.3","0","1.8","0","0","0","6","4.6","4.1","0","1","BYE","18.3","1.5","5.4","5.4","9.1","7.5","3.8","65"
"257","Andy Dalton","QB","CAR","0","-","24.6","16.7","4.7","16.9","2","-","-","-","BYE","-","-","-","-","-","-","-","10.8","65"
"258","Tyler Huntley","QB","BAL","-","-","-","11.8","7.5","-","9.5","-","-","-","-","-","-","BYE","-","-","24.2","10.7","12.7","63.7"
"259","Austin Hooper","TE","NE","3.1","0.5","1.9","7.3","0.9","-1.5","3.2","1.5","0.8","6.4","3.5","11.9","10.2","BYE","3.8","5.5","1.9","2.7","3.7","63.6"
"260","New England Patriots","DST","NE","11","3","2","5","10","0","-1","1","4","16","-1","9","4","BYE","-1","4","-4","1","3.7","63"
"261","Ricky Pearsall","WR","SF","-","-","-","-","-","-","2.1","7.7","BYE","13.3","0","0","0","0.5","1.6","3.7","20.7","12.9","5.7","62.5"
"262","Anders Carlson","K","FA","-","-","-","-","-","-","8","16","-","-","11","-","1","16","7","3","-","-","8.9","62"
"263","Chig Okonkwo","TE","TEN","7.5","1.6","1.5","0.5","BYE","0.6","5","-0.6","3.8","1.4","1.9","13","2.7","0.8","5.9","10.1","5.9","0","3.6","61.6"
"264","Dallas Goedert","TE","PHI","3.1","3.8","17","6.2","BYE","0","-","-","-","8.5","6.1","1.9","9.5","-","-","-","-","5.5","6.2","61.6"
"265","Roschon Johnson","RB","CHI","-","-","6.2","8.6","14.5","3.3","BYE","6.6","2.1","0.1","10.1","7.2","0","-","-","0.3","0.5","1.9","4.7","61.4"
"266","Gus Edwards","RB","FA","2.8","5.9","0.9","1.9","-","-","-","-","-","5.5","2.7","7.1","3.3","9.6","2.3","19.1","-","-","5.6","61.1"
"267","Jalen Coker","WR","CAR","-","-","-","0","6.8","3","1","13.8","3.6","4.1","BYE","-","-","-","17","0.8","3.5","7","5.5","60.6"
"268","Will Dissly","TE","LAC","1.3","2.9","1.9","2.4","BYE","2.6","8.1","4.1","0.9","3","14","4.7","0","1.9","-","-","2.1","10.2","4","60.1"
"269","Elijah Moore","WR","BUF","0.9","4.4","1.7","1.1","1.1","0.3","4.1","8.5","2.8","-","12.6","2.1","11.2","3.4","-0.1","2.1","0.1","3.6","3.5","59.9"
"270","Rashid Shaheed","WR","NO","13.3","16.9","0","7.7","14.6","7.3","-","-","-","-","-","BYE","-","-","-","-","-","-","10","59.8"
"271","Sean Tucker","RB","TB","0","0","0.4","1.7","0","31.2","3.8","1.5","1.7","0","BYE","7","0","4.7","1.7","0","4.4","1.6","3.5","59.7"
"272","Tim Patrick","WR","JAC","-","1.2","0.8","5.2","-","6.8","2.5","0","1.2","0","2.6","5.5","4.8","16.3","9","0","2","1.5","3.7","59.4"
"273","Brayden Narveson","K","FA","11","12","13","3","7","11","-","-","-","-","-","-","-","-","-","2","-","-","8.4","59"
"274","Zack Moss","RB","FA","12.1","4.7","15.7","13.8","5.2","-0.5","4","3.9","-","-","0","-","-","-","-","-","-","-","6.5","58.9"
"275","Nick Chubb","RB","HOU","-","-","-","-","-","-","9.2","5.2","3.5","-","5","18","10.5","4.8","2.1","-","-","-","7.3","58.3"
"276","Tutu Atwell","WR","LAR","0","4.8","9.3","8.2","6.5","BYE","5.1","1.8","1.6","0.6","2.1","3","3.9","4.5","0.6","1.2","0","3.7","3.3","56.9"
"277","Dalton Kincaid","TE","BUF","1.1","3.3","10.1","4.7","3.4","5.1","5.2","9.1","3.2","2.4","-","BYE","-","-","5.3","1.5","2.4","-","4.4","56.8"
"278","Diontae Johnson","WR","FA","1.9","1.5","18.2","14.3","2.9","13.8","1.7","-","0","0.6","0","0","-","-","-","-","-","1.2","4.7","56.1"
"279","Noah Fant","TE","CIN","1.1","1.4","6","2.6","2.4","6.3","6.5","2.2","-","-","-","BYE","2.6","1.8","1.5","5","4.3","12.3","4","56"
"279","Matthew Wright","K","FA","-","-","-","-","-","13","-","-","-","-","-","-","14","16","-","-","7","6","11.2","56"
"281","Jeremy McNichols","RB","WAS","0","0","0.1","19.4","10.4","0.9","4.2","-0.1","2","6.7","0.6","2.2","3.2","BYE","0.4","3.8","1","0","3.2","54.8"
"282","Samaje Perine","RB","CIN","1","0.3","4","7.4","2.4","-","2.8","3","9.5","3.7","0.8","2.4","1.5","1.9","3.4","5","2.9","1.4","3.1","53.4"
"283","Miles Sanders","RB","DAL","2.2","2.5","9","4.6","3.3","1.3","2.8","4.5","-1","0.5","-","-","-","-","-","-","-","23.6","4.8","53.3"
"284","Greg Dortch","WR","ARI","5.1","1.1","3.5","3.8","0.7","1.6","6.5","0.9","0","-0.1","BYE","0.5","0.7","0.5","6.6","2.7","1.8","17.4","3.1","53.3"
"285","David Moore","WR","CAR","1.4","0","0","0","1.3","1.7","0","3.9","2","1.8","BYE","14.1","4","2.5","1.9","9.9","1.7","6.9","3.1","53.1"
"286","Raheem Mostert","RB","LV","1.9","-","-","-","9.8","-","3","15","6.8","3.4","-0.2","0.2","3.4","-","2.1","4.6","1.9","0","4","51.9"
"287","Malik Willis","QB","GB","0","13","25.4","-","-","-","-","8.5","-","BYE","-","0","-","-","-","1.2","-","3.7","7.4","51.8"
"288","Cedric Tillman","WR","CLE","0.3","0.2","0.4","0","0","-0.5","10.1","21.9","13.5","BYE","4.7","0.8","-","-","-","-","-","-","4.7","51.4"
"289","Noah Brown","WR","WAS","-","5.6","2.9","2.6","-","5.8","1.6","13.3","6","3.3","0.4","7.1","2.7","BYE","-","-","-","-","4.7","51.3"
"290","Brenton Strange","TE","JAC","0","6.5","7.2","1.9","8.4","1.1","0","5.9","0","2.5","0.6","BYE","1.4","2.1","7.3","0.2","0","6","3","51.1"
"291","Jordan Akins","TE","FA","2.7","1","2.9","1","8.2","0","4.2","0","3.2","-","1.9","3.8","0","1.4","3","0.8","4.9","12","3","51"
"292","Graham Gano","K","NYG","8","0","0","-","-","-","-","-","-","6","BYE","1","10","4","2","1","9","9","4.5","50"
"293","AJ Barner","TE","SEA","0","0","1.3","8.7","1.3","1.3","0.5","3.4","2.7","BYE","1.5","1.9","7.4","1.3","0.5","7.3","0","9.4","2.9","48.5"
"294","Sterling Shepard","WR","TB","-","-","0","5.1","6.4","5.4","3.5","1.8","6.9","1","BYE","1.6","4.2","6.3","1.6","3.4","-","1.1","3.5","48.3"
"295","Michael Penix Jr.","QB","ATL","-","-","-","-","-","-","0.6","-","-","-","1","BYE","-","-","-","7.4","12.2","26","9.4","47.1"
"296","Kenneth Gainwell","RB","PIT","1.2","0.6","1.2","0.9","-","2.3","6.7","1.9","1","3.9","4.9","8.2","0","3.3","6","1.3","0.9","2.3","2.7","46.6"
"297","Jacoby Brissett","QB","ARI","8","10.6","3.9","8","7.4","-","-","8.4","-","-","BYE","-","0","-","-","-","-0.1","-","5.8","46.2"
"298","Parker Romo","K","ATL","-","-","-","-","-","-","-","-","-","13","6","13","14","-","-","-","-","-","11.5","46"
"298","Cade York","K","FA","2","-","-","-","-","-","-","-","-","-","-","-","-","9","7","8","6","14","7.7","46"
"300","Marcus Mariota","QB","WAS","-","-","-","-","0.1","-","19.6","-","-","-","-","-","-","BYE","-","-","-","26","15.3","45.8"
"301","Ezekiel Elliott","RB","FA","10.9","3.2","1.2","2.4","1.7","1.7","-","9.8","-","0.2","2.4","0.6","0.4","0.6","4.1","6.1","0.2","-","3","45.5"
"301","T.J. Hockenson","TE","MIN","-","-","-","-","-","BYE","-","-","2.7","7.2","1.3","11.4","2.8","4.5","5.2","2.7","6.8","0.9","4.6","45.5"
"303","Jake Ferguson","TE","DAL","1.5","-","9.5","4.9","7","1.1","BYE","2.3","7.1","0.4","1.1","-","-","3.2","2.3","4","-0.2","1.2","3.2","45.4"
"304","Isiah Pacheco","RB","KC","13.8","11.1","-","-","-","BYE","-","-","-","-","-","-","4.9","6.1","4.7","2.5","1.8","-","6.4","44.9"
"305","Chris Olave","WR","NO","1.1","8.8","14.6","8.7","1","-1.5","-","10.7","1.3","-","-","BYE","-","-","-","-","-","-","5.6","44.7"
"306","Christian Kirk","WR","HOU","3","-0.1","7.9","12.1","8.8","3.9","2.4","5.9","-","-","-","-","-","BYE","-","-","-","-","5.5","43.9"
"307","Josh Oliver","TE","MIN","2.7","0","0","7","0","BYE","0.5","9","11.8","5.2","3.4","-","-","2.6","0","0","0","1.6","2.9","43.8"
"308","Audric Estime","RB","PHI","1.4","-","-","-","BYE","1.3","0.9","0.4","3.5","5.3","2.5","1.5","1.2","-","1.8","10.8","3.7","9.4","3.4","43.7"
"309","Brandin Cooks","WR","NO","10.5","1.6","1.6","1.6","-","-","-","-","-","-","-","BYE","7.6","6.3","3.4","4.8","5.2","1","4.4","43.6"
"310","Evan Engram","TE","DEN","0.5","-","-","-","-","8.2","3.5","9.6","6.5","4","2.8","-","4.1","3.3","-","-","-","-","4.7","42.5"
"311","Dameon Pierce","RB","HOU","1.6","-","-","-","-","13.7","0.2","0.4","-","-","0.2","0","0.1","BYE","0","0.4","1.3","23.6","3.8","41.5"
"312","Carolina Panthers","DST","CAR","-1","5","5","1","-3","-2","0","5","1","9","BYE","4","8","4","2","6","-2","-1","2.4","41"
"312","Greg Zuerlein","K","FA","1","6","6","10","5","8","1","4","-","-","-","-","-","-","-","-","-","-","5.1","41"
"314","Trey Benson","RB","ARI","1.8","1.7","0.8","5","-","2.6","0","1","11.5","8.7","BYE","1.8","2","1.9","2.2","-","-","-","3.2","41"
"315","Justin Watson","WR","HOU","2.5","2.2","1.3","2.7","0","-","0.8","3.3","4.3","0.6","2.6","1.5","6.6","0","0","0","12","0.5","2.4","40.9"
"316","Rashee Rice","WR","KC","10.3","13.5","17.1","0","-","BYE","-","-","-","-","-","-","-","-","-","-","-","-","10.2","40.9"
"317","Ja'Tavion Sanders","TE","CAR","0.4","0.8","0","1.6","1.3","4.9","6.1","0.7","8.7","6.8","BYE","4.9","-","0","0","0","0.5","3.5","2.5","40.2"
"318","Van Jefferson","WR","TEN","0.1","1.4","0","2.1","2.6","0","7.5","6.2","-","0","0","3.9","4.3","7","0","2.7","0","1.8","2.3","39.6"
"319","Kalif Raymond","WR","DET","1.2","2.7","0","0.9","BYE","7.3","9.9","13.4","0","0","3","0","-","-","-","-","-","1.1","3.3","39.5"
"320","Tyler Boyd","WR","FA","1.8","2.6","3.3","3.1","-","1.9","4.3","1.4","0.3","0","3.4","5.5","3.7","0.7","3.9","2","1.4","-","2.5","39.3"
"321","Theo Johnson","TE","NYG","1.8","0","1.3","0.6","4.8","3","0","3.5","11.1","3.7","BYE","3.9","5.4","-","-","-","-","-","3.3","39.1"
"322","Troy Franklin","WR","DEN","-","0","1.1","-0.2","2","9.6","5","0.9","1.9","0.9","7.5","3.1","2.8","BYE","0.9","2.5","-0.1","1.2","2.4","39.1"
"323","Emari Demercado","RB","ARI","2.6","4.6","0.7","2.4","0","6.4","1.4","0","14","2.2","BYE","1.4","1.5","1.5","-","-","-","-","3","38.7"
"324","Kyle Juszczyk","RB","SF","4","1.9","0.6","1.2","0","7.6","1.4","0.7","BYE","0","1.2","1.4","-2.1","0.3","0","2.6","6.9","10.9","2.3","38.6"
"325","Zane Gonzalez","K","FA","-","-","-","-","-","-","-","-","-","11","5","-","6","-","-","4","6","6","6.3","38"
"326","Trey Sermon","RB","PIT","0","0.7","7.6","0.8","12.3","2.9","4.9","1.4","1.3","0.4","0.3","0","0","-","1.2","2.5","1","0.5","2.2","37.8"
"327","Dyami Brown","WR","JAC","0","1.7","1.6","0.4","11.7","1.1","2.3","0.6","2.4","-1.3","0.4","3.6","3.9","-","3","3.6","-","2.4","2.3","37.4"
"327","Brandon Aiyuk","WR","SF","2.8","4.3","4.8","4.8","14.7","3.7","2.3","-","BYE","-","-","-","-","-","-","-","-","-","5.3","37.4"
"329","Kendrick Bourne","WR","SF","-","-","-","-","0.6","0.9","1.4","0","4.1","-","13","3","4.5","-","4.4","1.8","2.2","1.2","3.1","37.1"
"329","Dawson Knox","TE","BUF","2.3","0","0.7","0","0","7.2","0.5","5","0.5","4","4","BYE","5.6","0.5","4.2","2.2","0.4","-","2.3","37.1"
"331","Dare Ogunbowale","RB","HOU","0.3","2.3","2.8","11.4","8.7","0.8","0.6","0.4","-0.1","1.1","1.1","0","0","BYE","3.5","0","1.8","2.3","2.2","37"
"332","Isaiah Davis","RB","NYJ","-","-","0.6","-","0","0","1.2","0","0","1","0","BYE","9.2","12.7","2.6","1.2","4.3","4.1","2.6","36.9"
"333","Grant Calcaterra","TE","PHI","1.1","1.9","0","2.6","BYE","6.7","0.5","5.8","3","0","0","0","0","7.6","2.2","0","3.4","1","2.1","35.8"
"334","Mike Williams","WR","FA","0","1.9","3.4","6.7","2.5","0","1.5","0","0.6","9.2","0","0","0","3.6","1.5","2.4","0","2.5","2","35.8"
"335","Colby Parkinson","TE","LAR","4.7","1.2","2.1","3.3","5.2","BYE","3.2","1.7","0","0","7.9","1","1.3","1.1","2.1","0","0","0.6","2.1","35.4"
"336","Tyler Johnson","WR","NYJ","7.9","2","2","0","0","-","5.7","0.6","3.8","2.5","0","1.1","0","0","0","-","-","9.5","2.3","35.1"
"336","Nelson Agholor","WR","FA","0.6","1.3","5.6","1","0.4","2.5","2","9.6","2.9","6.6","0","0","0","-","2.6","-","-","-","2.5","35.1"
"336","JuJu Smith-Schuster","WR","KC","0","0","7.7","0","13","BYE","0","-","-","-","0.8","0.6","1","3.1","6.7","0","1.8","0.4","2.5","35.1"
"339","Gabe Davis","WR","BUF","6.2","4.3","1.8","-0.2","1.8","16.5","1.3","0","-","1.9","0.3","BYE","-","-","-","-","-","-","3.4","33.9"
"340","Tyler Goodson","RB","IND","-","0.2","0","0","5.7","6.5","11.1","0","0","6.9","0","0","0","BYE","0.3","2.2","0","0.5","2.1","33.4"
"340","Tommy Tremble","TE","CAR","-","2.3","2.9","0","-1.3","-","-","1.3","-","-","BYE","0.5","7.7","6.3","1.5","3.2","0","9","2.8","33.4"
"342","Lil'Jordan Humphrey","WR","NYG","0","5","3.7","0","4.8","0.8","1.2","0.2","1.1","2.3","11.2","0.4","0","-","0","0","0","2.6","2","33.3"
"343","Matt Prater","K","BUF","8","14","9","2","-","-","-","-","-","-","-","BYE","-","-","-","-","-","-","8.3","33"
"344","Joshua Dobbs","QB","NE","-","0","-","-","-","-","-","-","-","-","-","-","-","BYE","-","-","8.1","24.7","10.9","32.8"
"344","Josh Whyle","TE","GB","0","1.3","4.3","0.5","-","0.2","3.4","3.3","1.2","0","0.6","0","0.3","3.1","9.7","0","0","4.9","1.9","32.8"
"344","Christian McCaffrey","RB","SF","-","-","-","-","-","-","-","-","BYE","10.7","10.6","4.8","6.7","-","-","-","-","-","8.2","32.8"
"347","Curtis Samuel","WR","BUF","1.5","0.3","2.2","1.5","-0.1","4.4","0","-","0","3.5","11.8","BYE","0.7","1.6","0.1","-","-","5.2","2.3","32.7"
"348","Nick Vannett","TE","MIN","1.1","0","6.9","0","-","0","2.5","0","9.3","0","0.6","0","0.6","0.4","0.7","0","6.8","2.6","1.9","31.5"
"349","John Metchie III","WR","PHI","-","-","-","0.7","0","0","0","2.9","0","13.4","3.3","0.6","1.6","-","1.7","-","4.8","2.4","2.4","31.4"
"350","Chris Brooks","RB","GB","-","-","0.3","-","-","2.1","0","1.7","4.1","BYE","1.3","2.6","2.9","0.3","1.5","8.5","0","5.9","2.4","31.2"
"351","DJ Turner","WR","FA","0.9","0.2","0","7.8","1.7","3.7","1.7","9.2","0","-","2.9","0.5","2.5","-","-","-","0","-","2.4","31.1"
"352","Adam Trautman","TE","DEN","0","0","1.3","0","1.9","0","0","14.5","0.4","3.4","0","0.3","0","BYE","8","0.5","0.5","0","1.8","30.8"
"353","Adonai Mitchell","WR","IND","0.2","3","0","1","5.2","0.9","3","0.9","2.2","7.1","3.5","1","0","BYE","-3","3.6","2.2","0","1.8","30.8"
"354","Jordan Whittington","WR","LAR","0","2.2","2.8","6.2","8.9","BYE","0","-","-","0","0","0","0","0","0","0","0.6","9.8","2","30.5"
"354","Chris Rodriguez Jr.","RB","WAS","0","-","-","-","-","-","-","-","5.2","0.4","-","-","15.4","BYE","0.2","0.5","8.8","0","3.8","30.5"
"356","Luke Schoonmaker","TE","DAL","0","4.3","0.5","0","0.8","0","BYE","0","0","0","5.6","11.5","3.3","2.2","0","0.3","0","1.6","1.8","30.1"
"357","Riley Patterson","K","MIA","-","-","-","-","-","BYE","-","-","3","-","-","-","-","-","1","12","6","8","6","30"
"358","Cedrick Wilson Jr.","WR","MIA","-2","0","0.3","0","0","2.8","11.7","-","3.4","-","0","-","1.9","1.8","4.8","1.3","1.7","2.2","2","29.9"
"359","Hassan Haskins","RB","LAC","-","1.1","-","0","BYE","0.5","0.2","0","0","6.4","0.1","0.3","-2","0","0","9.9","4","9.3","2","29.8"
"360","Nate Adkins","TE","DEN","0","0","0.6","0","0.8","0.5","0","6.3","0","0","7.2","0","1.6","BYE","7.5","1.8","0.7","2.5","1.7","29.5"
"361","Elijah Higgins","TE","ARI","1.2","7.8","1.1","1.2","6.2","0","0.1","1.3","3.4","1.3","BYE","0.5","2.3","0","0.5","0","2.3","0","1.7","29.2"
"362","Tanner McKee","QB","PHI","-","-","-","-","BYE","-","-","-","-","-","-","-","-","-","-","-","10","18.9","14.4","28.8"
"363","Malik Washington","WR","MIA","-","-","-","0.8","0","BYE","0.9","0","0.9","9.5","1.8","0.3","-1.2","0","5.2","2.8","3","4.8","2.1","28.8"
"364","Jamaal Williams","RB","FA","11.1","3.9","-0.1","1.9","0.9","0.7","1.7","0.4","-","-","-","-","0.7","1.5","0","0.8","2.4","2.2","2","28.1"
"365","Kimani Vidal","RB","LAC","-","-","-","-","BYE","11.1","1.9","1.6","0.7","-","-","-","2","3.4","2.2","2.4","2.4","0","2.8","27.7"
"366","Derius Davis","WR","LAC","0.9","0","0.8","0","BYE","2.2","-","-","0","2.3","2","0.4","0.6","0.1","0","8.8","8.6","0.4","1.8","27.1"
"367","Patrick Taylor Jr.","RB","SF","-","-","-","0","0","2.8","-","0.9","BYE","-","-","-","-","8.5","0","2.5","0","12.1","3","26.8"
"368","D'Onta Foreman","RB","FA","0","5.1","0.5","0.7","6","4.7","0.5","2.6","-","-","-","-","-","-","-","-1.9","4.9","3.5","2.4","26.6"
"369","Blake Corum","RB","LAR","0","2.8","-","-","3.3","BYE","1.1","1.8","-0.1","1.5","2.8","0.5","4.2","3.4","2","1.4","-0.4","2.2","1.8","26.5"
"370","Johnny Mundt","TE","JAC","1.5","1.2","6.2","1.5","3.1","-","0.8","1","0","0","1.3","0.7","8.2","0","0","0","0.7","0","1.5","26.2"
"371","Kenny Pickett","QB","LV","-","-","-","-","-","-","0","-","-","0.3","-","-0.2","-","-","-","10","16","-","5.2","26.1"
"372","Darnell Washington","TE","PIT","0.5","6.5","0","3.1","0.5","0.9","3.6","2.9","BYE","0.6","4.2","1.4","1","0","0","0","0.8","0","1.5","26"
"372","Spencer Shrader","K","IND","3","-","-","-","-","-","-","-","-","7","3","13","-","BYE","-","-","-","-","6.5","26"
"374","Cordarrelle Patterson","RB","FA","1.3","0.3","4.8","6.2","-","-","-","-","-","1.4","0","-0.2","5.3","-1.9","0.8","7.2","0.2","0.1","2","25.5"
"375","Josh Reynolds","WR","NYJ","4.5","9.3","3.6","0","6.9","-","-","-","-","-","-","BYE","-","-","0","0","0","1.1","2.8","25.4"
"376","Tylan Wallace","WR","BAL","0","0","0","0","3.1","0","0","0","0","17.5","0.8","1.5","1.4","BYE","0.8","0","0.2","0","1.5","25.3"
"377","KhaDarel Hodge","WR","ATL","0","0","0","6","12.7","0","0","0","0.9","0","2.2","BYE","0","0","0","-","0.9","2.4","1.6","25.1"
"378","Ryan Miller","WR","TB","-","-","-","-","-","3.9","-","1.9","6.1","1.1","BYE","1.4","0","0","0.1","7.7","2.6","0","2.3","24.8"
"379","Michael Carter","RB","ARI","-","-","-","-","-","-","-","-","-","-","BYE","-","-","0","-","4.8","8.1","11.9","6.2","24.8"
"380","Kendre Miller","RB","NO","0","-","-","-","-","-","3.7","1.6","-","-","-","BYE","-","9.2","4.6","3.1","1.9","-","3.4","24.1"
"381","Desmond Ridder","QB","MIN","-","-","-","-","-","BYE","-","-","5.2","-","-","0.9","-","4.3","13.1","-","-","0.4","4.8","23.9"
"382","D'Ernest Johnson","RB","ARI","-","2.6","1.2","0","1","4.4","7","2.3","0.6","0","0.3","-","-","-","-","0.8","1.1","2.6","1.8","23.9"
"383","Jaylen Wright","RB","MIA","-","0.4","1.7","3.2","8.6","BYE","3.3","1.8","1.8","0.3","0.6","0.8","0","1.3","0.3","-","0","-0.4","1.6","23.7"
"383","Jalen Brooks","WR","DAL","1.8","1","2.4","0","1","1.5","BYE","0","2.6","0.4","-","4.1","0","-","7.7","-","1.2","0","1.7","23.7"
"385","Payne Durham","TE","TB","0","0","0.8","0","0","0","-","0","0","0","BYE","2.6","0","0","0","2.9","9.6","7.6","1.5","23.5"
"386","Zamir White","RB","LV","2.6","3.8","3.4","3","-","-","2.7","-0.1","7","BYE","0.9","-","-","-","-","-","-","-","2.9","23.3"
"387","Trey Palmer","WR","NO","1.9","0","0","8.6","-","-","1.6","2.9","3.3","0","-","1.8","0","0","0","3.1","0","0","1.5","23.2"
"388","Jahan Dotson","WR","PHI","0","0.6","0.8","1.1","BYE","2.3","0","0","3.6","2.7","0.8","0.4","0.7","0.5","0","0","0","9.4","1.3","22.9"
"389","Ty Chandler","RB","MIN","4.2","8.2","1.3","1.3","3.9","BYE","0.4","0","-","1.8","0","0","0.2","0","0.4","0","0.7","-","1.5","22.4"
"390","Brock Wright","TE","DET","0.2","0","3.4","1.3","BYE","0","0","6.8","0.1","0","6.5","2.4","1.3","0","0","0","0","0","1.3","22"
"391","Dorian Thompson-Robinson","QB","FA","-","-","-","-","-","-","5.7","-","-","-","0","0","-","-","1.3","9.2","4.8","0.8","3.1","21.8"
"392","Malik Heath","WR","GB","-","-","0","1.2","1.4","0","0","0","-","BYE","0","7.5","0","0","-","-","6.3","5.3","1.8","21.7"
"393","Khalil Herbert","RB","SEA","0.4","6.7","0.9","-","0","0","-","-","-","0","0","-","1.4","1.1","0.4","0","2.3","8.3","1.7","21.5"
"394","Pierre Strong Jr.","RB","GB","3","0.5","-","-","0.2","7.8","1.5","0.3","0.8","BYE","0.5","-","0","0.9","0","0.9","4.8","-","1.6","21.2"
"395","Sincere McCormick","RB","SF","-","-","-","-","-","-","-","-","BYE","-","-","3.3","6.5","8.9","2.5","-","-","-","5.3","21.2"
"396","Mecole Hardman Jr.","WR","FA","0","0","0","0","3.3","-","11.5","0.8","1.7","0.3","2.1","1.5","0","-","-","-","-","-","1.8","21.2"
"397","Jimmy Garoppolo","QB","LAR","-","-","-","-","-","BYE","-","-","-","-","-","-","-","-","-","-","-","20.9","20.9","20.9"
"398","Ja'Lynn Polk","WR","NO","0.6","7.2","1.3","3","1.3","0.4","0","-","0","6.2","0","0.7","0","-","0","0","0","-","1.4","20.7"
"398","Mo Alie-Cox","TE","IND","0","2.2","0","0","9.7","4.1","0","0","0","0","1.7","0","1.5","BYE","0","1.5","0","0","1.2","20.7"
"400","Tyrod Taylor","QB","NYJ","6.1","-","-","-","-","-","-","-","-","-","-","BYE","-","-","-","-","13.9","-","10","20.1"
"401","Dante Pettis","WR","FA","-","-","-","-","-","-","-","-","-","0.8","0.9","-","2.5","0","2.4","3.1","2.7","7.6","2.5","20"
"402","Tanner Hudson","TE","CIN","-0.2","-","-","-","-","0","0","0","1.4","10.3","1.3","BYE","2.8","1.9","0.9","-","-","1.1","1.8","19.5"
"403","Kenny McIntosh","RB","SEA","-","0","1.1","0","-","-","0.5","-","-","BYE","0","0","0","4.5","0.9","2.9","4.6","4.9","1.6","19.4"
"404","Michael Burton","RB","DEN","0.3","0.1","0","0.3","0.5","0","0","2.8","-0.1","0","0","1.1","6.1","BYE","0","7.9","0","0.3","1.1","19.3"
"405","Charlie Kolar","TE","BAL","0","0.4","3","0","12.6","0","1.4","0.9","0","0.4","0","0.6","-","BYE","-","-","-","0","1.5","19.3"
"406","Cade Stover","TE","HOU","0","1.8","0","2.7","0.6","0","1.5","1.9","0","0.2","1.5","8.6","0.4","BYE","-","-","0.1","0","1.3","19.3"
"407","Joe Milton III","QB","DAL","-","-","-","-","-","-","BYE","-","-","-","-","-","-","-","-","-","-","19.2","19.2","19.2"
"408","Stone Smartt","TE","NYJ","0","0","0","0","-","1","3.1","0","-","-","0","0","0.3","5.4","3","3.7","2.3","0","1.3","18.8"
"409","JaMycal Hasty","RB","MIA","0","0.2","0.5","1.5","0","2.1","10.7","-","-0.3","2.4","0.2","1.5","0","-","0","-","0","-","1.3","18.8"
"410","Tyler Higbee","TE","LAR","-","-","-","-","-","BYE","-","-","-","-","-","-","-","-","-","7.1","0.9","10.6","6.2","18.6"
"411","Robert Woods","WR","FA","0","0","1.8","1","0","-","-","1.8","4.4","0.1","1.3","0.8","0","-","1.2","1.9","2.1","1.9","1.2","18.3"
"412","Kylen Granson","TE","PHI","0","0.9","4","0","0","0","0","0.4","2.2","1.5","0.4","0","0","-","4.7","0","3.4","0.7","1.1","18.2"
"413","DeeJay Dallas","RB","CAR","6","0","0","0","0","0","0","0","0.2","1","BYE","0","-","0","1.5","6.1","0.5","2.7","1.1","18"
"414","Craig Reynolds","RB","DET","-","0","0","0","BYE","2.1","0","0.3","0","-","2.1","0.6","-","0","0","2.3","6.6","3.9","1.3","17.9"
"415","Bub Means","WR","NO","0","0","-","0","0","10.5","3.7","3.6","-","-","-","BYE","-","-","-","-","-","-","2.5","17.8"
"416","Jamison Crowder","WR","FA","0.5","-","0","-","-","-","-","-","-","-","-","-","-","-","2.7","13.5","2.5","-2","2.9","17.2"
"416","Ashton Dulin","WR","IND","11.4","1.3","0","0","0.9","0","1.2","0","1.7","0.7","0","0","-","BYE","-","0","0","0","1.1","17.2"
"418","Carson Steele","RB","KC","0.3","0.4","7.4","-1.4","1.2","BYE","1.7","1.4","0.9","0.3","0.7","1.3","0","0","0","0","-","2.7","1.1","16.9"
"419","Drew Ogletree","TE","IND","0","1.2","0","7.5","0.5","2.4","0","0","0","0.2","0.8","0","2.2","BYE","0","0","0","2.1","1","16.9"
"420","Luke McCaffrey","WR","WAS","1.8","0","4.4","1.7","1.9","0.5","0","0.8","0","2.3","0","0.8","1.3","BYE","0","1.3","0","0","1","16.8"
"421","Jake Bobo","WR","SEA","0","1.5","0","3","0.3","1.8","0","1.5","0","BYE","0","0.8","0","0","0.8","0.6","0","6.4","1","16.7"
"422","Drew Sample","TE","CIN","0","2.8","0","0","0","0","0","0","7.4","0","0.5","BYE","0.8","1.3","0.8","1.2","0.3","1.4","1","16.5"
"423","Kevin Austin Jr.","WR","NO","-","-","-","-","-","-","-","-","-","3.6","1.8","BYE","4","0.5","0.8","1.7","2.3","1.3","2","16"
"424","Erick All Jr.","TE","CIN","0","3.2","2.2","2.8","1","1","0","3.2","2.4","-","-","BYE","-","-","-","-","-","-","1.8","15.8"
"425","Eric Saubert","TE","SEA","0","2.6","4.1","0","0","0","0","0","-","0","0.7","0","0","0.4","0","6.2","0","1.7","0.9","15.7"
"426","Michael Mayer","TE","LV","0.3","1.1","0.7","-","-","-","-","-","-","BYE","0.5","1.1","0.5","6.8","1.1","0","1.4","2.1","1.4","15.6"
"427","Alec Ingold","RB","MIA","0.8","0.2","1.4","0","6.3","BYE","0.4","2.2","0","-","-","0","1.5","0","0","0.4","0","2.1","1","15.3"
"428","Mitchell Trubisky","QB","BUF","-","-0.2","0","0.1","0","-","-","-0.3","-","-0.1","-","BYE","-0.1","-","-","-","6.7","9.2","1.7","15.3"
"429","Lucas Krull","TE","DEN","-","-","-","-","0.5","1.1","4.1","1.8","0","2.1","0","0","2.4","BYE","0.8","2.1","0.3","0","1.2","15.2"
"429","Jonathan Mingo","WR","DAL","2.3","0.1","2","2.4","3.7","0.1","0","0","0","-","0","0.8","0.2","0","0","0","1.2","2.4","0.9","15.2"
"431","Tim Boyle","QB","FA","-","-","3.8","-","-","-","3.4","-","-","-","-","-","-","-","7.8","-","-","-","5","14.9"
"431","Hunter Luepke","RB","DAL","1.8","0","4.1","2.2","2.4","0","BYE","0","0.9","0","-","1","0.4","0.5","0","0","0.1","1.5","0.9","14.9"
"433","Bo Melton","WR","GB","0","0.8","0","2.8","1.2","3.3","0.7","0","1.9","BYE","0","0.5","0","0","0","1.4","1.8","0.1","0.9","14.5"
"434","Trent Sherfield Sr.","WR","DEN","0","1.7","0.8","0.8","0","-","0","7","0.7","1.1","1.6","0","0","0","0.6","0","0","0","0.8","14.3"
"435","Jake Haener","QB","NO","0","-0.3","-","-","1.8","-","5.5","5.9","-","-","-0.2","BYE","-","-0.1","1.7","-","-","-","1.8","14.2"
"436","Patrick Ricard","RB","BAL","0","0","0","6","0","0","0","0","6.3","0","0.5","0","0","BYE","0","0","0","1.4","0.8","14.2"
"437","Jordan Mims","RB","TEN","1.1","0","0","-","BYE","1.8","-","-","3.8","1.4","0.3","-","-","-","-","3.2","-","2.5","1.6","14.1"
"438","Trey Lance","QB","LAC","-","-","-","-","BYE","-","-","-","-","1.5","-","-0.3","-","-","-","-","0.1","12.4","3.4","13.7"
"439","Tommy DeVito","QB","NE","-","-","-","-","-","-","-","-","-","-","-","10.8","-","0","2.7","-","-","-","4.5","13.5"
"440","Ronnie Rivers","RB","LAR","1.6","0","0.9","2.6","-","BYE","0","-","-","-","-","-","-","0","-","-","-","8.2","1.9","13.3"
"441","Tyrell Shavers","WR","BUF","-","-","-","-","0","-","-","-","-","0","-","BYE","-","-","-","-","12.9","-","4.3","12.9"
"442","Daniel Bellinger","TE","NYG","0.3","0","1.7","0","0","0","1.1","0","0","0","BYE","0","0","4.5","3.5","0.5","0","0.9","0.7","12.5"
"443","Rakim Jarrett","WR","FA","-","-","-","-","-","-","-","5.8","0.9","1","-","3","0","0","0","0.6","1.1","0","1.2","12.4"
"444","Xavier Hutchinson","WR","HOU","0.3","0","0","0","3.1","0","1.1","1.9","0","0.6","0","0","-","BYE","1.3","0.8","2.1","0.5","0.7","11.7"
"444","K.J. Osborn","WR","FA","2.1","0.7","0","0.3","-","-","8.6","0","-","0","-","-","-","-","-","-","0","-","1.5","11.7"
"444","Will Shipley","RB","PHI","0","0","0","0","BYE","0","1.5","-0.3","0","3.4","0","-","0.4","0","-","-","-","6.7","0.9","11.7"
"447","Tony Jones Jr.","RB","FA","-","-","-","-","-","-","-","-","-","-","-","-","-","-","-","-","-","11.5","11.5","11.5"
"448","Julius Chestnut","RB","TEN","0","0","-","-","BYE","0.2","2.4","3.2","2.2","0","0","0.5","0","0","-","0","1.7","1.1","0.8","11.3"
"449","Blake Whiteheart","TE","CLE","-","0","0","7.3","0","-","-","-","-","BYE","-","2.9","0","0","0","0","0.8","0.1","1","11.1"
"450","Tay Martin","WR","WAS","-","-","-","-","-","-","-","-","-","-","-","-","-","BYE","-","-","-","10.9","10.9","10.9"
"451","Jermaine Burton","WR","CIN","0","4.7","0","0","0","-","0","4.1","-","1.1","0.8","BYE","0","0","0","0","0","-","0.8","10.7"
"452","Ainias Smith","WR","CAR","-","-","-","-","-","-","-","0","0.2","0.6","0","0","-","-","-","-","0","9.9","1.5","10.7"
"452","Kenny Yeboah","TE","DET","-","-","-","-","BYE","-","-","-","1.2","0.4","7.1","-","0","0","0","0","0","2","1.2","10.7"
"454","Simi Fehoko","WR","ARI","0","0","1.7","0","-","4.4","4.5","0","0","-","BYE","-","-","-","-","-","-","-","1.3","10.6"
"455","Jeremy Ruckert","TE","NYJ","0","0","1.5","1","0","0.7","0","1.4","0.4","1.7","0.6","BYE","0.3","0","1.2","1.2","0","0.5","0.6","10.5"
"456","Connor Heyward","TE","PIT","0","0","0.2","0","8.3","0.4","0","0","BYE","0","0","0","0","0","0","0.3","0.8","0","0.6","10"
"456","MyCole Pruitt","TE","FA","0.9","0","-","-","-","-","0","1","-","0","-","0","2.1","-0.1","0","6.1","0","0","0.8","10"
"456","Julian Hill","TE","MIA","0.6","0","2.4","0","0","BYE","0.4","1.1","-","0","2.8","0.8","0.5","1.4","0","0","0","0","0.6","10"
"459","Mason Tipton","WR","NO","0.6","0","1.1","0.6","0.2","1.5","4.5","1.4","0","0","-","BYE","-","-","-","0","-","-","0.9","9.9"
"460","Johnny Wilson","WR","PHI","0","0","0.9","0","BYE","0","0","0","0","6.5","0","0","-","0","0","0","0","2.4","0.6","9.8"
"461","Quintin Morris","TE","JAC","0","0","0","0","0","0","0","0","6.2","0","0","BYE","1.4","-","0","0","0","2","0.6","9.6"
"462","Davis Mills","QB","HOU","-","-","3.2","-","-","0","-","-","-","-","-","-","-","BYE","-","-","0.2","6.2","2.4","9.6"
"463","Bryce Oliver","WR","TEN","-","-","-","-","BYE","-","-","-","0","2.3","3.3","0","0","1.6","0.8","0","0","1.5","1","9.5"
"464","DJ Chark Jr.","WR","FA","-","-","-","-","-","-","-","-","-","0","-","-","0","0.9","1.6","0","0","6.6","1.3","9.1"
"464","Marquise Brown","WR","KC","-","-","-","-","-","BYE","-","-","-","-","-","-","-","-","-","4.5","4.6","-","4.6","9.1"
"466","Parris Campbell","WR","DAL","-","0","1.3","7.7","-","-","0","-","-","-","-","-","0","-","-","-","-","-","1.8","9"
"466","Bailey Zappe","QB","CLE","-","-","-","-","-","-","-","-","-","BYE","-","-","-","-","-","-","-","9","9","9"
"466","Chris Manhertz","TE","NYG","0","0","0","0","0","0","0","0","6.2","0","BYE","0","0","0","0","0","1.2","1.6","0.5","9"
"469","Deuce Vaughn","RB","DEN","0.4","1.7","1.3","0","-","-","-","-","-","-","1.7","-","-","BYE","-","-","-","3.7","1.5","8.8"
"469","Devin Culp","TE","TB","-","-","-","-","-","-","0","0","-","-","BYE","-","-","-","-","0","5.2","3.6","1.8","8.8"
"471","Brevyn Spann-Ford","TE","DAL","0","0","0","0","2","0","BYE","0","0","0","4.2","2.4","0","0","0.2","0","0","0","0.5","8.8"
"472","Ben Sinnott","TE","WAS","0","0","0","0","0","0","6.6","0","1.2","0","0","0","0.3","BYE","0.7","0","0","0","0.5","8.8"
"473","Harrison Bryant","TE","HOU","0","0","0","2.1","0","2.4","1.9","-","2.2","-","-","-","-","0","0","0","0","0","0.7","8.6"
"474","C.J. Ham","RB","MIN","-0.9","0","0","0","7","BYE","0","0","0","0","0","0","0","0","0","0.9","1.5","0","0.5","8.5"
"475","Xavier Gipson","WR","PHI","0","0","1.6","0.6","0","0","0","6.1","0","0","1.7","-","-0.1","0","0","-2","0","0.5","0.5","8.4"
"476","Zay Jones","WR","ARI","-","-","-","-","-","-","0","0.3","0","0","BYE","0","0","1.3","0.3","0","1.9","4.6","0.8","8.4"
"477","Brandon Allen","QB","TEN","-0.1","-","-","-","BYE","-","-","-","-","-","-","9.5","-","-1","-","-","-","-","2.8","8.4"
"478","Ryan Flournoy","WR","DAL","-","-","-","-","0","-0.8","BYE","0","1.3","0","1.9","0","-","0","-","4.1","0.3","1.4","0.7","8.2"
"478","Devin Duvernay","WR","CHI","0.3","0.4","-0.1","0","0.3","-","BYE","-","-","0","0","-","2.3","0.1","4.2","0.3","0.4","0","0.6","8.2"
"480","Devontez Walker","WR","BAL","-","-","-","-","-","-","0","-","0","-","-","0","-","BYE","8.1","0","0","0","1.2","8.1"
"481","Raheem Blackshear","RB","FA","0","0","0","0","0","0","0","0","0","0","-","0","0","0","-","1.3","2","4.7","0.5","8"
"482","Skylar Thompson","QB","PIT","-","3.6","4.3","-","-","-","-","-","BYE","-","-","0","-","-","-","-","-","-","2.6","7.9"
"483","Kristian Wilkerson","WR","BUF","-","-","-","-","-","7.8","0","-","-","-","-","BYE","-","-","-","-","-","-","3.9","7.8"
"484","Jalen Reagor","WR","FA","-","-","-","-","-","-","2","3.5","0","-0.2","0","2","0","0.4","-","-","-","-","1","7.7"
"485","Chris Conley","WR","FA","0","0.4","0","0","-","0","0","0","-","-","0","0","0","0","0","0","1.3","5.9","0.5","7.6"
"486","Jeff Wilson Jr.","RB","MIA","2.6","1.2","1.4","0","-","BYE","-","-","-","-","-","-","0","1.1","-","1.2","0.5","-0.4","0.8","7.6"
"487","Eric Gray","RB","NYG","1.5","0","-2","0.1","3.4","1.3","0.9","0.3","0","0","BYE","0.6","0","-","0","0.2","0","1","0.5","7.3"
"488","Hayden Hurst","TE","FA","3.3","0.5","1.5","0.6","-","0","-","-","0.6","0","-","-","-","-","-","0.8","-","0","0.8","7.3"
"489","Brandon Powell","WR","FA","0","1.6","1.3","0","0","-","0","0","0.9","0","1.3","0","0.8","0","1.2","0","0","0","0.4","7.1"
"490","Clyde Edwards-Helaire","RB","KC","-","-","-","-","-","BYE","-","-","-","-","-","-","-","-","-","-","3","4","3.5","7"
"491","Scotty Miller","WR","PIT","0","0","3.1","0","0","0","0","0","BYE","-","0","-","-","3.8","0","0","0","-","0.5","6.9"
"492","Ben Skowronek","WR","PIT","-","0","-","-","0","-","-","-","BYE","0","0.4","0","2.3","0","1.7","2.5","-","0","0.7","6.9"
"493","E.J. Jenkins","TE","PHI","0","0","-","-","BYE","-","-","-","0","-","-","-","-","0","0","0","0","6.7","0.8","6.7"
"493","Jacob Cowing","WR","SF","0","0","0","0","-","0","5","0","BYE","-2","0","-","0","0","0","0","0","3.7","0.4","6.7"
"493","Luke Farrell","TE","SF","0","1.3","0.1","0","1.7","0","0","0","0.5","1.6","0.3","-","0","0","0","0.8","0","0.4","0.4","6.7"
"496","River Cracraft","WR","FA","-","-","-","-","-","-","-","-","-","0","0","0","0","-","0.6","0.6","1.6","3.8","0.8","6.6"
"497","Michael Woods II","WR","FA","-","-","-","-","-","-","-","-","-","-","-","-","4.3","1.2","0.7","0","0.3","-","1.3","6.5"
"498","Tyler Badie","RB","DEN","-","1.8","7","-2.4","-","-","-","-","-","-","-","-","-","BYE","-","-","-","-","2.1","6.4"
"499","John Bates","TE","WAS","0","0.5","0","0.9","0","0","0","2","0","0","1.7","-0.7","0","BYE","0.6","0","1.4","0","0.4","6.4"
"500","Jalin Hyatt","WR","NYG","0","0","0","0","0","0.6","0","-","0","3.9","BYE","0","0.8","0","0","0.9","0","0","0.4","6.2"
"501","Hunter Long","TE","JAC","0","0","0","0","1.6","-","0.5","1.8","0.4","0","0","0","0","0","1.7","0","0","0","0.4","6"
"501","Ihmir Smith-Marsette","WR","NYG","-","-","0","0","0","0","0","0","0","0","BYE","0","0","0","0","0","6","0","0.4","6"
"501","Kene Nwangwu","RB","NYJ","-","-","-","-","-","-","-","-","-","-","-","BYE","6","0","-","-","-","-","3","6"
"504","Keaton Mitchell","RB","BAL","-","-","-","-","-","-","-","-","-","0","0","-","-","BYE","-","-","4.8","1","1.5","5.8"
"505","Laviska Shenault Jr.","WR","FA","0.1","0.6","0.2","1.8","0","4","0","1","0","-","0","-","-2","-","0","-","-","-","0.5","5.7"
"506","Odell Beckham Jr.","WR","FA","-","-","-","-","0","-","0","0","1.5","1.7","1.3","0","0.9","0.1","-","-","-","-","0.6","5.5"
"507","Durham Smythe","TE","CHI","0","0.8","0.3","0","0","-","0","0","0.4","0.6","0.3","0.8","0.8","0","0.8","0.5","0","0","0.3","5.3"
"508","DeAndre Carter","WR","CLE","0.6","3.2","2.2","0","0","0","-","0.7","0","0.5","0","-2","0","0","-","-","-","-","0.4","5.2"
"509","Sione Vaki","RB","DET","0","1.7","0","-","BYE","0.5","0","0","-","0","0.9","0","-","-","0","2","0","-","0.4","5.1"
"509","Peyton Hendershot","TE","FA","-","0","-","-","-","-","-","-","0.9","0.6","1.1","0","-","-","-","-","0","2.5","0.7","5.1"
"511","Mike Boone","RB","FA","0.7","-","-","-","-","-","-","-","-","-","-","-","-","-","1.4","0.1","1.1","1.6","1","4.9"
"512","Nikko Remigio","WR","KC","-","-","-","-","-","BYE","-","-","-","-","-","-","-","0","0","0","0","4.8","1","4.8"
"513","Carson Wentz","QB","MIN","-","-","-","-","-","BYE","0","-","-","-","-","-","-","-","0.8","-","-","3.9","1.6","4.7"
"513","Tyquan Thornton","WR","KC","2.7","0","0","0","0","BYE","-","2","-","-","-","-","-","-","-","-","-","-","0.8","4.7"
"515","Charlie Woerner","TE","ATL","0.4","0","0","0","0","0","0","1.3","0","0","-","BYE","0.5","1.1","0.7","0","0.6","0","0.3","4.6"
"516","Luke Musgrave","TE","GB","0","0.6","0.3","1.3","-","-","-","-","-","BYE","-","-","-","-","-","0","0.4","1.9","0.6","4.5"
"516","Jonathon Brooks","RB","CAR","-","-","-","-","-","-","-","-","-","-","BYE","0.7","4.1","-0.3","-","-","-","-","1.5","4.5"
"516","Charlie Jones","WR","CIN","-1.5","0","0","0","0","0","6","0","-","-","-","BYE","-","-","-","-","-","-","0.6","4.5"
"516","Pharaoh Brown","TE","FA","-","-","0.9","0.3","0.7","0","0","0","0","-","0","1.9","0","0.6","0","1.7","-1.6","0","0.3","4.5"
"520","J.J. Taylor","RB","FA","-","-","0.3","1.8","-","-","-","-","2.3","0","-","-","-","-","-","-","-","-","1.1","4.4"
"520","Cody White","WR","SEA","-","-","-","-","-","-","-","-","4.4","BYE","0","0","0","-","-","-","-","-","1.1","4.4"
"520","Dee Eskridge","WR","MIA","-","-","3","0","-","BYE","-","0.6","0","-","-","-","-","0","-","-","0.8","-","0.7","4.4"
"523","Xavier Smith","WR","LAR","-","-","0","0","0.6","BYE","3","0","0","0","0","0","0","0","0","0","0","0.6","0.3","4.2"
"523","Ben Sims","TE","GB","0","0","0","0","0","3.8","0.2","0","0","BYE","0","0","0","0.2","0","0","0","0","0.2","4.2"
"525","Terrace Marshall Jr.","WR","PHI","-","-","-","-","BYE","-","-","-","-","-","0","-","0","0.6","0.7","0","2.8","0","0.6","4.1"
"525","Tim Jones","WR","FA","0","-","0","0","0","0","0","2","1","0","0","-","0","0","0","0","1.1","0","0.3","4.1"
"527","Jude McAtamney","K","NYG","-","-","-","-","-","-","-","-","4","-","BYE","-","-","-","-","-","-","-","4","4"
"528","Davis Allen","TE","LAR","0","-","-","-","0","BYE","0","0","0.5","3.4","0","0","0","0","0","0","0","0","0.3","3.9"
"528","Jacob Kibodi","RB","FA","-","-","-","-","-","-","-","-","-","-","-","-","-","-","-","-","-","3.9","3.9","3.9"
"530","Tucker Fisk","TE","LAC","-","-","-","-","BYE","-","-","-","-","0","0.6","0.7","0.1","0","0.7","1","0.8","0","0.4","3.9"
"531","Dan Chisena","WR","CAR","-","-","-","-","-","-","-","-","-","-","BYE","0","0.6","0","-","2.3","0.8","0","0.6","3.7"
"531","Tip Reiman","TE","ARI","0","0","0","0","0.5","0","0.1","0","0","0","BYE","0","0.9","1.4","0.8","0","0","0","0.2","3.7"
"533","Gerald Everett","TE","FA","-0.1","0.1","0","0","2.2","0","-","0.3","0.5","0","0","0","0","0","0","0.6","0","0","0.2","3.6"
"534","Treylon Burks","WR","TEN","0.3","0","0.9","1.3","BYE","1","-","-","-","-","-","-","-","-","-","-","-","-","0.7","3.5"
"535","Travis Homer","RB","CHI","1","0.6","-","-","-","-","BYE","-","0","0","0","0","0","1.1","0.7","-","-","-","0.4","3.4"
"535","Britain Covey","WR","PHI","0","2.3","1.1","-","BYE","-","-","-","-","-","-","0","0","-","-","-","-","-","0.7","3.4"
"537","Terrell Jennings","RB","NE","-","-","-","-","-","1.3","-","-","-","-","-","-","-","BYE","-","-","-","2","1.7","3.3"
"538","Jase McClellan","RB","FA","-","-","-","-","-","-","1.7","-","-","-","1.5","-","-","-","-","-","0","-","1.1","3.2"
"539","Jermar Jefferson","RB","ARI","-","-","-","-","-","-","-","-","-","-","BYE","-","-","-","-","2.3","0.9","-","1.6","3.2"
"540","Taylor Heinicke","QB","FA","-","-","1","-","-","-","-","-","-","-","-","-","-","1.2","0.2","-","0.8","-","0.8","3.1"
"541","Rasheen Ali","RB","BAL","-","-","-","-","-","-","-","-","-","-","-","-","0","BYE","3.2","0.2","-0.3","0","0.6","3.1"
"541","Alex Bachman","WR","LV","-","-","-","0","0","3.1","0","0","-","BYE","-","-","-","-","-","-","-","-","0.6","3.1"
"543","Dalvin Cook","RB","FA","-","-","-","-","-","-","-","2.2","0.8","-","-","-","-","-","-","-","-","-","1.5","3"
"543","Allen Robinson II","WR","FA","-","-","0","-","-","0","-","0","0.2","0","0.7","0","0","0","0","0","2.1","-","0.3","3"
"545","Will Mallory","TE","IND","-","-","-","0","0.7","0","0.5","0","0","1","-","-","0.7","BYE","0","0","-","-","0.3","2.9"
"546","Greg Dulcich","TE","MIA","1.2","1.6","0","0","-","BYE","-","-","-","-","-","-","-","0","0","0","0","0","0.3","2.8"
"546","Cam Grandy","TE","CIN","-","-","-","-","-","-","-","-","-","0","0","BYE","0","0","1.2","0","0.7","0.9","0.4","2.8"
"548","Deven Thompkins","WR","ATL","-","-","-","-","-","-","-","-","-0.2","0","-","1.3","0","0.7","0","0.9","-","-","0.4","2.7"
"548","David Bell","WR","CLE","-","2.7","-","-","-","-","-","-","-","BYE","-","-","-","-","-","-","-","-","2.7","2.7"
"550","Hendon Hooker","QB","CAR","-","-","-","-","-","0.7","-","0.2","-","-","1.8","-","-","-","-","-","-","-","0.9","2.7"
"551","Anthony Gould","WR","IND","0","0","0","-","-","-","-","-","-","-","-","-","0","BYE","2.3","0","0","0","0.3","2.3"
"551","Blake Watson","RB","TEN","-","-","-","-","0","-","-","0","-","-","-","-","-","-","-","2.3","-","-","0.8","2.3"
"553","Jonathan Ward","RB","FA","-","-","-","-","0.9","1.3","0","0","-","-","-","-","-","-","-","-","-","-","0.6","2.2"
"553","Jamari Thrash","WR","CLE","-","-","-","-","-","-","0","-","0","BYE","1.1","0","1.1","-","0","0","0","0","0.2","2.2"
"553","Shane Zylstra","TE","DET","-","-","-","-","BYE","-","0","0","0","0","2.2","0","0","0","0","0","0","0","0.2","2.2"
"553","Ronnie Bell","WR","FA","0","0","1.2","-","0","-","1","0","-","0","-","0","-","-","-","-","-","-","0.3","2.2"
"553","Malachi Corley","WR","CLE","0","0.4","-","-","-","-","-","0","-0.2","0.2","1","-","0.8","-","-","-","-","-","0.3","2.2"
"558","Dallin Holker","TE","FA","-","-","-","-","0","0","0","-","0","0","0","-","0","1","0","0","0","1.1","0.2","2.1"
"559","Jaheim Bell","TE","FA","-","0","-","-","-","0","0","0","0.1","0","0","0","0","-","0","0","0","1.9","0.2","2"
"559","Austin Trammell","WR","JAC","-","-","-","-","-","-","-","-","2","-","-","BYE","-","-","-","-","-","-","2","2"
"561","MarShawn Lloyd","RB","GB","-","1.8","-","-","-","-","-","-","-","BYE","-","-","-","-","-","-","-","-","1.8","1.8"
"562","Mason Kinsey","WR","TEN","-","-","-","-","BYE","-","-","0","-","-","-","-","-","0","1.1","0.6","0","0","0.3","1.7"
"562","Chris Blair","WR","ATL","-","-","-","-","-","-","-","-","-","-","-","BYE","-","-","-","1.7","0","0","0.6","1.7"
"562","Aaron Shampklin","RB","FA","-","-","-","0.5","1.4","-0.2","-","-","-","-","-","-","-","-","-","-","-","-","0.6","1.7"
"565","Tanner Conner","TE","MIA","0","0","0.1","1.5","0","BYE","-","-","0","0","-","-","-","-","-","-","-","-","0.2","1.6"
"565","Anthony Miller","WR","FA","-","-","-","-","-","-","-","-","-","-","-","-","-","-","-","0","1.6","-","0.8","1.6"
"567","Trenton Irwin","WR","FA","0.6","0.5","-","-","-","0","-","0.4","0","0","0","-","-","-","-","-","-","-","0.2","1.5"
"568","Josiah Deguara","TE","ARI","-","-","0.8","0","0.2","0","0","0","0","-","0","-","-","0","0","0.4","0","0","0.1","1.4"
"568","Casey Washington","WR","ATL","-","-","-","-","-","-","1.4","-","-","-","0","BYE","-","-","-","-","-","-","0.7","1.4"
"570","Nick Mullens","QB","JAC","-","-","0","-","1","-","-","-","-","-","-","0.6","-","-0.2","-","-","-","-","0.3","1.3"
"571","Isaiah Hodgins","WR","PIT","-","-","-","-","0","0.5","-","-","BYE","0.7","-","-","-","-","-","-","-","-","0.4","1.2"
"571","Javon Baker","WR","PHI","-","0","-","-","BYE","-","-","0","0","0","0","0","0","-","-","0","0","1.2","0.1","1.2"
"571","Feleipe Franks","QB","ATL","0","0","0","0","0","0","0","-","-","0","-","0","0","0","0","0","0","1.2","0.1","1.2"
"574","Mike White","QB","CIN","-","-","-","-","-","-","-","-","-","-","-","BYE","-","-","-","-","-","1.1","1.1","1.1"
"574","Trent Taylor","WR","SF","-","-","-","-","0","-","-","-","BYE","-","-","-","-","-","-","-","-","1.1","0.6","1.1"
"574","Kameron Johnson","WR","TB","0","-","-","0","0","0","-","-","-","-","BYE","-","-","-","-","-","1.1","-","0.2","1.1"
"574","Tyreik McAllister","RB","FA","0","-","-","1.1","-","-","-","-","-","-","-","-","-","-","-","-","-","-","0.6","1.1"
"574","Grant DuBose","WR","FA","0","1.3","-","-","-","-","-","-","-","-","-","-","-","-","-0.2","-","-","-","0.4","1.1"
"579","Myles Gaskin","RB","SEA","-0.3","-","0","0","1.3","-","-","-","-","BYE","-","-","-","-","-","-","-","-","0.3","1"
"579","Jack Stoll","TE","NO","-","-","0","0.4","-","0","0","0.6","0","0","-","BYE","-","-","-","0","0","-","0.1","1"
"581","George Holani","RB","SEA","-","-","-","-","-","-","-","-","-","BYE","-","-","-","-0.1","1","-","0","-","0.3","0.9"
"581","Brandon Johnson","WR","FA","-","-","-","-","0.9","-","0","0","-","-","-","-","-","-","-","-","-","-","0.3","0.9"
"581","Cody Schrader","RB","JAC","-","-","-","-","-","-","-","-","-","-","-","BYE","-","-","-","-","-","0.9","0.9","0.9"
"581","Kendric Pryor","WR","CIN","-","-","-","-","-","-","-","-","0.9","-","-","BYE","-","-","-","-","-","0","0.5","0.9"
"585","Eric Tomlinson","TE","FA","0","0","0","0","-","0","0.7","0","0.2","-","-","-","-","-","0","-","-","-","0.1","0.9"
"586","Chris Collier","RB","LV","-","-","-","-","0","-","0","0","0","BYE","-","-","-","-","-","-","0.6","0.2","0.1","0.8"
"587","Josh Johnson","QB","WAS","-","-","-","0","-","-","0","-","0.2","-","-","-","-","BYE","-0.1","-","0.6","0","0.1","0.8"
"588","Kyle Allen","QB","DET","-","-","-","-","0.8","-","-","-","-","-","-","-","-","-","-","-","-","-","0.8","0.8"
"589","Ramel Keyton","WR","FA","-","-","-","-","-","-","-","-","0.7","-","0","0","-","0","0","0","0","0","0.1","0.7"
"589","Geoff Swaim","TE","FA","-","-","0","0","0","0","0","0.7","0","-","0","-","-","-","-","-","-","-","0.1","0.7"
"589","Brevin Jordan","TE","HOU","0.3","0.4","-","-","-","-","-","-","-","-","-","-","-","BYE","-","-","-","-","0.4","0.7"
"589","John Samuel Shenker","TE","FA","-","-","-","0","0","0","0","0.7","-","-","-","-","-","-","-","0","0","-","0.1","0.7"
"589","Jared Wiley","TE","KC","0","0.7","0","0","0","BYE","0","0","-","-","-","-","-","-","-","-","-","-","0.1","0.7"
"589","Ian Thomas","TE","LV","-","-","-","-","-","0","0.4","0","0","0.3","-","-","-","-","-","-","-","-","0.1","0.7"
"589","Tyrion Davis-Price","RB","FA","-","-","-","-","-","-","-","-","-","-","-","-","-","-","-","-","0.7","-","0.7","0.7"
"589","Reggie Gilliam","RB","BUF","0","0","0","0","0","0","-","0","-","-","0","BYE","0","0","0","0","0.3","0.4","0.1","0.7"
"597","Jaelon Darden","WR","FA","0","-","-","-","-","0.6","0","0","0","-","-","-","0","0","0","0","0","0","0.1","0.6"
"597","Collin Johnson","WR","FA","-","0","0","-","-","-","-","-","-","-","-","0","0","0.6","0","0","0","0","0.1","0.6"
"597","David Martin-Robinson","TE","TEN","-","-","-","-","BYE","-","-","-","-","-","-","-","-","0","0","0.6","0","0","0.1","0.6"
"597","Isaiah Williams","WR","NYJ","-","-","-","-","-","-","-","0.6","0","-","-","BYE","0","0","0","0","0","0","0.1","0.6"
"597","John Ross","WR","FA","-","-","-","0.6","-","-","-","-","-","-","-","-","-","-","-","-","-","-","0.6","0.6"
"602","Zach Davidson","TE","FA","-","-","-","-","-","-","-","-","-","-","0.5","-","0","0","-","-","-","-","0.2","0.5"
"602","Tyler Scott","WR","FA","-","0","0","0","0","0","-","-","0","-","0","-","-","-","0.5","0","0","0","0","0.5"
"602","Robbie Chosen","WR","WAS","0","0.5","-","-","-","-","-","-","-","-","-","-","-","BYE","-","-","-","-","0.3","0.5"
"602","Chris Oladokun","QB","KC","-","-","-","-","-","BYE","-","-","-","-","-","-","-","-","-","-","-","0.5","0.5","0.5"
"602","Jody Fortson Jr.","TE","FA","-","-","-","-","0.5","-","0","0","-","-","-","-","-","-","-","-","-","-","0.2","0.5"
"602","Ross Dwelley","TE","DET","0","0","0","0","BYE","0","0","0","0","-","0.5","-","0","0","0","0","-","0","0","0.5"
"608","Jarrett Stidham","QB","DEN","-","-","-","-","-","-","-0.2","-","-","-","0","-","-","BYE","-","-","-","0.7","0.2","0.5"
"609","Ke'Shawn Vaughn","RB","FA","-","-","-","-","-","-","-","-","-","-","-","-","-","0.4","-","-","-","-","0.4","0.4"
"610","Darrynton Evans","RB","FA","-","-","-","-","0","-","-","-","-","-","-","-","-","0.3","-","-","-","-","0.2","0.3"
"611","John FitzPatrick","TE","GB","-","-","-","-","-","-","-","0","0","BYE","0","0.2","-","0","0","0","0","0","0","0.2"
"611","Marcedes Lewis","TE","FA","0","0","0","0","0","0.2","-","0","0","0","0","0","0","0","0","0","0","0","0","0.2"
"611","Joshua Kelley","RB","FA","-","-","-","-","-","-","-","-","-","-","-","0","-","-","-","-","-","0.2","0.1","0.2"
"611","British Brooks","RB","HOU","0","-","0.2","0","-","-","-","-","-","-","-","-","-","BYE","-","-","-","-","0.1","0.2"
"615","Sam Howell","QB","PHI","-","-","-","0","BYE","-","0","-","-","-","-","-","-","-","0.2","-","-","-","0.1","0.2"
"616","James Proche II","WR","TEN","-","0","0","0.3","0","-","-","-","-","-","-","-","-","1.8","-2","0","0","0","0","0.1"
"617","Dante Miller","RB","NYG","-","-","-","-","0","0","-","-","-","-","BYE","-","-","-","-","-","-","-","0","0"
"617","Irv Smith Jr.","TE","FA","-","-","-","-","-","-","-","-","-","-","-","-","0","-","0","0","0","0","0","0"
"617","Stephen Sullivan","TE","FA","-","-","-","-","-","-","-","-","-","-","-","-","0","-","-","-","-","-","0","0"
"617","Chris Moore","WR","WAS","0","0","0","0","0","-","-","-","-","-","-","-","-","BYE","-","-","-","-","0","0"
"617","Maurice Alexander","WR","CHI","-","-","-","-","-","-","BYE","-","-","-","-","-","0","0","-","-","-","-","0","0"
"617","Leroy Watson IV","TE","LV","-","-","-","-","-","0","-","0","0","0","-","-","-","-","-","-","-","-","0","0"
"617","Dareke Young","WR","SEA","0","-","0","0","-","-","0","0","0","BYE","-","0","-","0","0","0","0","0","0","0"
"617","Laquon Treadwell","WR","IND","-","-","-","-","-","-","-","-","-","-","-","-","0","BYE","-","-","-","-","0","0"
"617","Jared Wayne","WR","HOU","-","-","-","-","-","-","-","-","-","-","-","-","0","BYE","-","0","0","-","0","0"
"617","Braxton Berrios","WR","HOU","0","0","0","0","0","-","0","-","-","-","-","-","-","BYE","-","0","0","-","0","0"
"617","KJ Hamler","WR","FA","-","-","-","-","0","-","-","-","-","-","-","-","-","-","-","-","-","-","0","0"
"617","Kazmeir Allen","WR","FA","-","-","-","-","-","-","-","-","-","-","-","0","-","-","-","-","-","-","0","0"
"617","Kaden Davis","WR","CLE","-","-","-","-","-","-","-","-","-","BYE","-","-","-","-","-","-","-","0","0","0"
"617","Jabari Small","RB","FA","-","-","-","-","-","0","-","-","-","-","-","-","-","-","-","-","-","-","0","0"
"617","Jack Westover","TE","NE","-","-","-","-","-","-","-","-","-","-","-","0","-","BYE","-","-","-","0","0","0"
"617","James Mitchell","TE","CAR","-","-","-","-","-","-","-","-","-","-","0","-","-","-","-","-","-","-","0","0"
"617","Seth Williams","WR","LV","-","-","-","-","-","-","-","-","-","BYE","0","-","-","0","-","-","-","-","0","0"
"617","Tyler Mabry","TE","FA","-","-","-","-","-","-","-","-","-","-","0","0","-","-","-","-","-","-","0","0"
"617","Dez Fitzpatrick","WR","FA","-","-","-","-","-","-","-","-","-","-","-","-","-","-","-","-","-","0","0","0"
"617","Princeton Fant","TE","DAL","-","-","-","-","-","-","BYE","-","-","-","0","-","0","0","0","0","-","-","0","0"
"617","Joshua Cephus","WR","JAC","-","-","-","-","-","-","-","-","-","-","-","BYE","-","0","-","-","-","-","0","0"
"617","Jake Luton","QB","FA","0","-","-","-","-","-","-","-","-","-","-","-","-","-","-","-","-","-","0","0"
"617","Skyy Moore","WR","SF","0","0","0","0","0","-","0","-","BYE","-","-","-","-","-","-","-","-","-","0","0"
"617","Zack Kuntz","TE","FA","-","-","-","-","-","-","-","-","-","-","-","-","-","-","0","-","-","-","0","0"
"617","Emory Jones","QB","ATL","-","-","-","-","-","-","-","-","-","-","-","BYE","-","-","-","-","0","-","0","0"
"617","Teagan Quitoriano","TE","ATL","-","-","-","-","-","0","0","0","0","0","0","0","-","-","-","-","-","-","0","0"
"617","Brady Russell","TE","SEA","0","0","0","0","0","0","0","0","0","BYE","-","-","0","0","-","-","-","-","0","0"
"617","Khari Blasingame","RB","FA","0","-","-","-","-","0","-","-","-","-","-","-","-","0","-","0","-","-","0","0"
"617","Adam Prentice","RB","DEN","0","0","0","0","0","0","0","0","0","0","0","-","0","0","0","0","0","0","0","0"
"617","Alex Erickson","WR","FA","-","-","-","-","-","-","-","-","-","-","-","-","-","-","-","0","0","0","0","0"
"617","Tanner McLachlan","TE","FA","-","-","-","-","-","-","-","-","-","-","-","-","-","-","-","0","0","-","0","0"
"617","Equanimeous St. Brown","WR","FA","-","-","-","-","-","0","0","0","-","-","-","-","-","-","-","-","-","-","0","0"
"617","Brandon Smith","WR","NYJ","-","-","-","-","-","-","-","-","-","-","-","BYE","-","-","0","-","-","-","0","0"
"617","Thomas Odukoya","TE","TEN","-","-","-","-","BYE","-","-","-","-","-","-","-","-","-","0","-","-","-","0","0"
"617","Quinton Bell","WR","MIA","0","0","0","0","0","BYE","0","-","0","0","0","0","0","0","0","0","0","0","0","0"
"617","Nyheim Hines","RB","FA","-","-","-","-","-","-","-","-","-","-","-","-","-","0","-","-","0","-","0","0"
"617","Baylor Cupp","TE","FA","-","-","-","-","-","-","-","-","-","-","-","-","-","0","-","-","-","-","0","0"
"617","Keilan Robinson","RB","NYJ","-","-","-","-","-","-","-","-","-","-","-","BYE","-","0","-","-","0","0","0","0"
"617","Tom Kennedy","WR","DET","0","0","-","-","BYE","-","-","-","-","-","-","-","-","-","-","0","0","-","0","0"
"617","Jack Browning","K","FA","-","-","-","-","-","-","-","-","-","-","-","-","-","0","0","0","0","0","0","0"
"617","Jalen Cropper","WR","DAL","-","-","-","-","-","-","BYE","-","-","0","-","-","-","-","-","-","-","-","0","0"
"617","Roman Wilson","WR","PIT","-","-","-","-","-","0","-","-","BYE","-","-","-","-","-","-","-","-","-","0","0"
"617","Anthony Firkser","TE","FA","0","-","-","-","-","0","-","0","-","-","-","-","0","-","0","0","-","-","0","0"
"617","Jaren Hall","QB","FA","-","-","-","-","-","0","-","-","-","-","-","-","-","-","-","-","-","-","0","0"
"617","D.J. Williams","RB","FA","-","-","-","-","-","0","-","-","-","-","-","-","-","-","-","-","-","-","0","0"
"617","C.J. Uzomah","TE","FA","-","-","-","-","-","-","-","-","-","-","0","0","0","0","0","0","0","-","0","0"
"617","Ko Kieft","TE","TB","0","0","0","0","0","0","0","0","0","0","BYE","0","0","0","0","0","0","0","0","0"
"617","Erik Ezukanma","WR","JAC","-","-","0","-","-","-","-","-","-","-","-","BYE","-","-","-","0","-","-","0","0"
"617","Marquez Callaway","WR","FA","-","-","-","-","-","-","-","-","0","0","-","-","-","-","-","-","-","-","0","0"
"617","Jaylen Johnson","WR","FA","-","-","-","-","-","-","-","0","-","-","-","-","-","-","-","-","-","-","0","0"
"617","Jalen Virgil","WR","FA","-","-","-","-","-","-","-","0","0","0","0","-","0","0","-","0","-","-","0","0"
"617","Montrell Washington","WR","FA","-","-","-","-","-","-","-","0","-","-","-","-","-","-","-","-","-","-","0","0"
"617","Irvin Charles","WR","NYJ","-","0","0","0","0","0","0","0","0","0","0","BYE","0","-","-","-","-","-","0","0"
"617","Gary Brightwell","RB","CIN","-","-","-","0","-","-","-","-","-","-","-","BYE","-","-","-","-","-","-","0","0"
"617","Zach Pascal","WR","FA","0","0","0","0","0","0","0","0","0","0","-","0","-","0","0","-","-","0","0","0"
"617","Sam Hartman","QB","WAS","0","-","-","-","-","-","-","-","-","-","-","-","0","BYE","-","-","-","-","0","0"
"617","Justin Shorter","WR","LV","-","-","-","-","-","-","0","0","0","BYE","0","0","0","-","-","-","0","-","0","0"
"617","Brayden Willis","TE","SF","-","-","0","-","-","-","-","0","BYE","-","0","0","-","0","0","0","0","0","0","0"
"617","Trevor Siemian","QB","TEN","-","-","-","-","BYE","-","0","-","-","-","-","-","-","-","-","-","-","-","0","0"
"617","Bryce Ford-Wheaton","WR","NYG","-","0","0","-","0","-","0","-","-","-","BYE","-","0","0","-","-","-","-","0","0"
"617","Robert Tonyan","TE","KC","-","-","0","0","0","BYE","0","0","-","-","-","-","-","-","-","-","-","-","0","0"
"617","James Winchester","TE","KC","-","-","0","-","-","BYE","-","-","-","-","-","-","-","-","-","-","0","-","0","0"
"617","Troy Hairston II","RB","FA","-","-","-","-","-","-","0","0","-","-","-","-","-","-","-","-","-","-","0","0"
"617","Keaontay Ingram","RB","KC","-","-","0","-","-","BYE","-","-","-","-","-","-","-","-","-","-","-","-","0","0"
"617","Jordan Matthews","TE","FA","0","0","-","-","-","-","-","-","0","-","-","-","-","-","-","-","-","-","0","0"
"617","Jordan Travis","QB","FA","-","-","0","-","-","-","-","-","-","-","-","-","-","-","-","-","-","-","0","0"
"617","Evan Hull","RB","FA","-","-","-","-","-","-","0","-","-","-","-","-","-","-","-","-","-","-","0","0"
"617","Rodney Williams","TE","FA","-","-","0","-","-","0","-","0","-","-","-","-","-","-","-","-","-","-","0","0"
"617","Travis Vokolek","TE","ARI","-","-","-","0","-","-","-","-","-","-","BYE","-","-","-","-","-","-","-","0","0"
"617","Jeff Driskel","QB","LV","0","0","-","-","-","-","-","-","-","BYE","-","-","-","-","-","-","-","-","0","0"
"617","Brenden Rice","WR","FA","-","-","-","-","-","-","0","-","-","-","-","-","-","-","-","-","-","-","0","0"
"617","Justin Hardee Sr.","WR","FA","-","-","-","-","-","-","-","-","0","-","-","0","-","-","0","-","-","0","0","0"
"617","Colson Yankoff","TE","WAS","-","0","-","0","0","-","0","-","-","-","-","-","-","BYE","-","-","-","-","0","0"
"617","Brenden Bates","TE","HOU","-","0","0","0","0","-","-","-","-","-","-","-","-","BYE","-","-","0","0","0","0"
"617","Trayveon Williams","RB","FA","-","0","0","0","-","-","-","-","0","0","-","-","-","-","-","0","0","0","0","0"
"617","Nick Muse","TE","FA","0","0","-","-","-","-","-","-","-","-","-","0","0","-","-","-","-","-","0","0"
"617","Mitchell Wilcox","TE","FA","-","-","-","-","-","-","-","-","-","0","-","-","-","-","-","-","-","-","0","0"
"617","Jakob Johnson","RB","HOU","-","0","0","0","-","-","-","-","-","-","-","-","-","BYE","-","-","-","-","0","0"
"617","Avery Williams","RB","FA","0","0","0","0","0","0","0","0","0","0","0","-","0","0","0","0","0","0","0","0"
"617","Cody Thompson","WR","FA","-","-","-","-","0","-","-","-","-","-","-","-","-","-","-","-","-","-","0","0"
"617","C.J. Beathard","QB","DET","-","-","-","-","BYE","-","-","-","-","0","-","-","-","-","-","-","-","-","0","0"
"617","John Kelly Jr.","RB","FA","-","0","-","-","-","-","-","-","-","-","-","-","-","-","-","-","-","-","0","0"
"617","Austin Reed","QB","FA","0","-","-","-","-","-","-","-","-","-","-","-","-","-","-","-","-","-","0","0"
"617","Jake Tonges","TE","SF","0","0","0","0","-","0","0","0","BYE","0","-","0","-","0","-","-","-","0","0","0"
"617","Deonte Harty","WR","FA","0","0","0","0","-","0","-","-","-","-","-","-","-","-","-","-","-","-","0","0"
"617","La'Mical Perine","RB","FA","-","-","-","-","-","0","-","-","-","-","-","-","-","-","-","-","-","-","0","0"
"617","Jalen Guyton","WR","FA","-","0","-","-","-","-","-","-","-","-","-","-","-","-","-","-","-","-","0","0"
"617","Andrew Beck","TE","NYJ","-","-","-","-","0","0","0","-","-","-","-","BYE","-","-","-","0","-","-","0","0"
"617","Parker Hesse","TE","FA","0","0","0","0","-","0","0","0","-","-","-","-","-","-","-","-","-","-","0","0"
"617","Trishton Jackson","WR","FA","-","0","0","-","-","-","-","-","-","-","-","-","-","-","-","-","-","-","0","0"
"617","Kendall Milton","RB","CIN","-","-","-","-","-","-","-","-","0","-","-","BYE","-","-","-","-","-","0","0","0"
"617","Justyn Ross","WR","FA","-","-","-","-","-","-","-","-","0","0","-","-","-","-","-","-","-","-","0","0"
"617","Xavier Weaver","WR","ARI","-","-","-","-","-","0","-","-","-","-","BYE","-","-","-","-","-","-","0","0","0"
"617","Elijah Cooks","WR","FA","-","-","-","-","-","-","-","-","0","-","-","-","0","-","0","-","-","-","0","0"
"711","Velus Jones Jr.","WR","NO","-0.1","-","-","-","-","-","-","-","-","-","-","BYE","-","-","-","-","0","-","-0.1","-0.1"
"711","Jermaine Jackson","WR","FA","-","-","-","-","-","-","0","0","-0.1","0","-","-","-","-","-","-","-","-","0","-0.1"
"713","Brycen Tremayne","WR","CAR","-","-","-","-","-0.2","-","-","-","-","-","BYE","-","-","-","-","-","0","-","-0.1","-0.2"
"713","Kyle Trask","QB","FA","-0.2","-","-","-","-","-","-","-","-","-","-","-","0.2","-","0","-","-0.2","-","-0.1","-0.2"
"713","Jake Browning","QB","CIN","-","-","-","-","-","-","-","0","-0.1","-","-","BYE","-","-","-","-0.1","-","-","-0.1","-0.2"
"716","Tyson Bagent","QB","CHI","-","-","-","-","-0.4","-0.3","BYE","-","-","-","-","-","-","0.2","0.2","-","-","-","-0.1","-0.3"
"717","Steven Sims Jr.","WR","FA","0","0","0","-2","-","0","-","-","0","0","-","-","-","-","-","-","0","0","-0.2","-2"
"717","Dylan Laube","RB","LV","-","-","-","-","-","-2","-","-","-","BYE","-","0","0","-","0","-","0","0","-0.3","-2"
"719","Clayton Tune","QB","GB","-","-2.6","-","-","-","-","0.2","-","0","-0.1","-","-","-","-","0.2","-","-","0.2","-0.3","-2.1"
"720","Kadarius Toney","WR","FA","-","-","-","-","-","-","-","-","-","-","-0.7","-","0.3","-2","-","-","-","-","-0.8","-2.4"
"721","Jha'Quan Jackson","WR","FA","0","0","0","0","-","0","0","0","0.3","0","0","-2","-2","-","-","-","-","-","-0.3","-3.7"
"722","Dee Williams","WR","FA","-2","0","0","0","0","0","0","-2","0","-","0","0","-2","-","0","-","-","-","-0.5","-6"
""
""